,point_1,point_2,point_3,point_4,point_5,point_6,point_7,point_8,point_9,best_step
0,h,c,h,3,4,c,c,h,8,3
1,h,h,2,c,h,5,c,7,c,7
2,c,h,2,c,c,h,h,h,8,8
3,c,1,h,c,h,h,6,h,c,6
4,0,h,c,3,4,5,h,c,8,0
5,c,c,2,h,4,5,6,7,h,2
6,c,h,c,h,h,5,c,7,h,7
7,0,h,h,3,4,h,c,7,c,7
8,0,h,c,c,h,c,h,7,h,7
9,0,c,h,3,h,5,c,h,8,0
10,c,1,c,3,h,5,6,h,8,1
11,0,h,h,3,c,5,6,h,c,0
12,h,h,c,h,h,5,c,7,c,7
13,0,1,2,c,h,5,h,7,8,2
14,0,1,h,h,4,5,6,c,c,6
15,0,c,2,3,4,h,6,7,8,4
16,h,c,h,3,4,c,6,h,c,6
17,h,c,2,3,h,h,6,c,c,6
18,0,1,c,c,h,c,h,7,h,1
19,h,1,h,h,c,c,6,7,8,8
20,c,h,c,c,h,c,h,7,h,7
21,c,h,h,c,4,h,h,c,c,4
22,h,1,c,h,4,5,c,7,8,4
23,h,c,c,c,h,5,6,h,8,8
24,h,c,h,3,c,c,6,h,h,3
25,0,1,2,3,h,c,h,c,8,2
26,0,c,2,h,c,h,h,7,8,7
27,0,h,2,3,c,5,h,7,c,0
28,0,h,2,c,h,h,6,c,8,6
29,0,1,c,3,h,h,6,c,h,0
30,h,1,c,h,4,5,6,c,h,5
31,0,c,2,3,h,c,6,h,8,2
32,h,1,h,c,c,5,h,7,c,5
33,0,h,h,c,h,5,c,7,c,7
34,h,h,2,3,c,c,6,7,8,3
35,c,h,h,3,c,5,c,h,8,8
36,0,h,h,c,4,5,c,h,c,0
37,0,c,2,c,h,5,h,c,h,5
38,0,1,2,c,h,5,6,7,h,0
39,h,h,2,h,h,c,c,7,c,7
40,h,1,c,3,4,5,6,h,8,8
41,c,1,2,c,4,h,h,7,h,4
42,0,h,h,3,4,5,6,c,8,0
43,0,1,c,h,c,h,h,h,c,0
44,h,1,2,h,4,5,c,h,c,2
45,c,1,c,3,4,h,6,h,8,1
46,c,1,h,3,h,h,6,c,c,6
47,0,1,c,h,4,5,6,h,8,8
48,c,1,2,h,h,5,c,h,c,5
49,c,1,2,h,4,5,h,7,8,2
50,c,h,h,3,c,5,6,7,8,8
51,0,c,2,3,4,5,6,h,8,8
52,0,h,2,c,4,5,h,c,8,4
53,c,1,h,3,c,5,h,7,h,1
54,c,c,h,h,h,5,c,c,h,5
55,0,1,2,c,4,c,6,h,h,4
56,0,1,c,3,c,h,6,h,h,6
57,0,1,2,h,4,5,h,7,c,0
58,h,h,2,c,4,5,6,7,8,2
59,h,c,c,3,4,5,6,h,8,6
60,0,h,2,h,4,5,6,c,c,6
61,c,1,2,h,4,h,c,h,8,4
62,0,1,2,3,4,h,c,h,c,0
63,h,h,c,c,4,5,h,h,c,5
64,0,h,h,h,h,c,c,c,8,8
65,h,c,2,c,h,c,h,h,c,2
66,h,1,2,c,4,5,6,h,c,5
67,0,c,c,h,h,c,c,h,h,0
68,c,1,2,3,4,h,6,h,8,6
69,h,1,c,c,h,h,h,7,c,7
70,h,c,2,c,h,h,h,c,c,2
71,h,h,c,3,4,h,c,c,h,4
72,h,1,2,c,h,5,c,h,c,1
73,c,1,h,c,4,h,h,7,c,4
74,h,h,2,c,c,5,c,h,8,2
75,c,1,2,3,4,5,h,7,8,1
76,0,h,h,3,4,c,h,c,c,4
77,c,c,h,3,4,5,6,h,8,8
78,0,c,h,c,c,5,6,h,h,5
79,c,c,h,h,4,h,h,c,8,4
80,c,h,c,h,4,5,c,h,h,4
81,c,1,h,3,h,c,6,7,8,6
82,0,h,c,c,h,h,6,c,h,0
83,0,1,h,3,4,5,h,c,8,4
84,0,1,h,h,c,c,h,c,h,1
85,0,h,2,3,c,h,6,c,8,6
86,c,h,h,3,4,5,c,7,h,3
87,0,h,2,h,4,c,6,c,h,0
88,c,h,c,3,h,5,6,c,h,3
89,h,h,2,3,c,c,6,h,8,3
90,0,1,2,c,h,h,c,7,h,0
91,c,h,h,3,4,c,6,c,h,3
92,h,h,c,3,c,5,h,c,8,3
93,0,1,2,3,h,5,6,7,8,2
94,0,c,c,h,4,h,h,7,8,0
95,0,c,c,h,h,c,h,c,h,0
96,c,h,2,3,4,c,h,7,8,8
97,h,c,2,h,h,c,6,7,c,2
98,0,1,2,c,c,h,h,7,8,7
99,c,h,2,h,c,c,6,h,h,6
100,0,c,c,h,h,c,h,h,8,0
101,0,h,h,c,4,5,6,c,8,0
102,0,c,c,c,h,h,h,7,h,0
103,h,c,c,h,4,h,c,h,8,4
104,c,h,2,h,c,h,c,c,h,2
105,0,1,c,3,4,h,h,7,8,0
106,h,1,2,c,h,c,6,h,c,2
107,c,1,2,c,h,c,6,h,h,6
108,0,h,c,h,4,c,c,h,8,8
109,0,1,2,3,h,5,c,7,h,0
110,0,h,2,c,h,5,h,c,8,2
111,0,h,c,h,4,h,c,c,8,4
112,h,1,2,3,h,c,h,c,c,2
113,h,c,2,3,4,h,h,c,8,4
114,0,h,h,c,4,h,c,h,c,0
115,0,1,c,h,h,c,h,c,8,8
116,0,1,2,3,4,c,h,h,8,8
117,h,c,2,c,4,h,6,7,h,6
118,c,1,h,h,c,h,6,7,8,8
119,c,c,h,3,h,h,6,7,c,7
120,0,h,2,h,c,c,6,7,8,2
121,0,c,2,c,4,5,6,h,h,6
122,c,h,2,3,4,5,6,h,c,4
123,h,c,h,c,c,h,6,h,c,6
124,0,h,h,3,4,5,c,c,8,8
125,0,c,h,h,h,c,c,7,h,0
126,0,c,c,3,h,h,6,7,8,0
127,0,1,c,3,c,5,h,7,h,7
128,0,1,2,3,h,c,6,c,h,0
129,h,c,c,h,c,h,6,h,c,6
130,0,c,h,h,4,c,h,7,c,4
131,h,h,c,3,4,5,c,h,c,4
132,0,1,h,h,4,c,c,c,h,1
133,c,1,h,3,4,h,h,7,c,4
134,h,h,2,c,h,5,6,c,8,5
135,c,1,2,3,h,5,h,7,8,2
136,h,1,2,3,c,5,h,7,8,3
137,h,1,h,c,c,5,6,h,8,5
138,h,1,h,3,4,c,6,h,c,1
139,c,h,h,3,h,c,c,7,h,3
140,0,c,h,h,4,h,h,c,c,4
141,h,c,h,c,4,5,h,h,c,4
142,0,c,h,3,4,c,h,7,8,4
143,c,h,c,3,c,5,6,h,h,6
144,c,1,h,h,h,c,c,c,h,1
145,h,h,c,3,c,5,h,h,c,5
146,0,1,2,h,4,5,6,c,h,4
147,0,1,h,c,c,5,h,c,h,5
148,0,1,c,c,h,h,6,h,8,1
149,0,1,c,h,4,c,h,c,h,0
150,c,1,2,h,4,5,6,7,h,4
151,c,1,c,h,4,h,6,h,c,1
152,h,c,h,3,4,h,6,c,c,6
153,0,h,c,h,c,c,6,h,h,6
154,c,h,2,h,4,5,c,7,8,8
155,0,h,h,h,c,c,6,7,c,0
156,h,1,2,h,4,c,6,7,8,6
157,0,h,2,3,4,h,6,7,c,6
158,c,1,h,h,c,c,h,7,h,7
159,0,1,h,3,c,5,h,c,h,1
160,c,h,2,3,h,c,6,7,h,7
161,c,1,2,c,h,5,h,h,8,8
162,h,h,c,c,4,5,6,7,8,5
163,c,1,h,h,h,c,c,h,8,1
164,h,1,2,3,c,h,h,c,c,1
165,0,1,2,h,4,c,6,c,h,1
166,0,c,h,h,h,c,c,h,c,0
167,h,1,c,3,c,h,h,7,8,3
168,0,1,2,3,c,h,6,7,8,7
169,c,1,2,h,4,c,6,7,h,6
170,h,1,h,3,4,5,6,c,8,1
171,0,1,c,h,4,h,h,7,c,0
172,0,c,2,h,c,5,h,h,c,0
173,c,1,h,h,4,c,c,7,h,4
174,0,1,h,h,h,c,c,7,8,1
175,c,h,2,3,h,h,c,c,8,3
176,c,h,h,h,h,5,6,c,c,6
177,0,h,h,c,c,h,6,h,c,0
178,0,h,2,h,4,c,c,c,h,2
179,0,h,c,h,4,h,c,h,c,4
180,c,h,h,3,4,5,6,h,c,4
181,0,1,2,h,4,c,6,h,8,0
182,c,1,h,c,h,5,6,7,8,6
183,h,1,h,3,c,c,c,h,8,3
184,c,1,2,3,h,c,h,7,8,2
185,c,1,2,3,4,5,6,7,h,2
186,h,c,2,c,c,h,6,h,h,2
187,h,1,2,h,4,c,c,7,h,4
188,0,h,2,3,4,5,6,c,8,5
189,0,c,h,h,c,5,h,h,c,0
190,c,1,2,h,c,5,6,7,h,1
191,h,h,2,3,4,5,6,c,8,2
192,0,1,h,h,4,c,h,c,c,1
193,c,1,2,3,h,h,h,c,8,1
194,0,h,c,3,4,c,6,7,h,4
195,0,h,2,h,c,h,6,7,c,0
196,c,1,h,h,c,5,6,7,8,8
197,c,c,2,h,h,c,h,c,h,2
198,0,c,2,3,h,5,h,h,c,2
199,0,1,h,c,4,c,6,7,h,4
200,0,c,2,h,h,5,6,7,8,5
201,c,c,h,h,4,5,h,7,8,4
202,0,1,h,3,4,h,6,c,8,8
203,c,1,h,3,4,5,6,h,8,6
204,h,h,c,3,c,h,6,c,8,6
205,0,1,c,c,4,h,h,h,c,0
206,h,1,2,3,c,c,h,h,8,3
207,c,1,c,c,h,h,h,c,h,1
208,c,h,c,3,h,5,h,7,8,7
209,0,1,2,h,h,c,h,c,8,2
210,0,1,h,h,4,h,c,7,c,7
211,c,h,2,c,4,5,h,c,h,5
212,h,1,2,3,4,h,c,7,8,8
213,0,1,c,3,h,c,6,h,8,8
214,c,c,h,h,4,c,c,h,h,4
215,h,c,c,3,4,h,6,7,8,4
216,h,h,c,h,4,5,c,7,8,4
217,h,c,2,h,4,h,6,c,8,4
218,h,1,2,h,4,5,c,7,8,8
219,0,h,2,3,h,c,6,7,c,2
220,0,c,h,c,h,c,c,h,h,0
221,h,c,2,3,h,5,6,c,8,8
222,h,1,c,c,4,5,6,h,8,5
223,h,c,h,h,4,5,c,7,c,7
224,h,1,2,c,4,5,c,h,8,4
225,c,1,c,h,4,h,h,h,c,1
226,c,h,2,h,h,5,c,7,8,2
227,0,1,h,c,4,h,6,7,c,6
228,h,1,c,c,h,c,6,h,8,8
229,0,c,h,3,h,5,c,7,h,7
230,c,c,h,h,c,5,h,7,8,8
231,h,c,h,3,4,h,c,7,8,8
232,c,1,h,c,c,5,h,7,h,5
233,0,h,2,3,c,c,6,h,h,3
234,0,1,2,h,4,h,c,7,8,4
235,0,h,c,3,4,5,h,7,8,4
236,h,c,c,3,4,h,h,7,c,3
237,h,h,2,3,c,c,c,7,h,2
238,c,1,h,3,4,c,6,h,8,4
239,0,h,h,3,h,c,c,7,c,7
240,0,h,2,3,4,5,6,h,c,4
241,0,1,2,3,c,5,h,c,h,1
242,0,1,2,h,4,5,c,c,h,4
243,h,1,c,3,h,5,6,7,c,5
244,c,h,2,h,4,5,h,7,c,4
245,c,c,h,3,4,h,h,c,8,4
246,h,c,c,h,4,h,6,c,h,4
247,0,1,2,c,4,h,h,7,c,4
248,h,1,2,3,4,5,6,7,c,2
249,h,1,h,3,c,5,c,c,h,1
250,0,c,h,3,h,c,6,c,h,0
251,0,1,h,3,h,5,c,7,8,8
252,c,h,c,3,4,5,h,7,8,8
253,c,h,2,3,h,c,h,c,8,2
254,c,1,2,3,h,5,6,7,h,6
255,h,h,2,3,h,c,6,c,8,8
256,0,c,c,h,h,5,6,h,c,0
257,0,1,c,h,h,5,h,7,c,5
258,0,h,2,3,c,h,h,7,c,0
259,h,h,c,3,c,5,6,7,8,6
260,c,h,h,c,4,h,h,7,c,4
261,c,1,2,h,4,h,6,7,8,4
262,c,h,c,3,h,h,c,7,8,3
263,c,1,2,c,h,h,6,c,h,6
264,h,h,c,h,4,c,6,7,8,8
265,0,1,2,3,c,5,h,h,8,8
266,0,h,2,h,4,c,6,h,c,2
267,c,c,2,h,4,5,6,h,8,2
268,c,h,c,c,c,h,h,h,8,8
269,0,1,c,h,h,5,6,c,8,5
270,h,1,2,3,h,c,c,7,8,8
271,h,1,2,h,c,5,6,7,8,6
272,0,c,2,3,h,h,c,h,c,3
273,0,1,2,3,4,h,h,c,8,4
274,c,h,h,h,4,c,c,c,h,4
275,0,c,h,3,4,5,h,c,h,4
276,h,h,2,c,c,5,6,7,8,5
277,h,c,2,h,4,5,c,7,8,4
278,0,h,c,3,c,5,h,7,8,5
279,h,h,2,3,4,c,c,7,8,2
280,c,1,2,3,c,h,6,h,h,3
281,h,c,h,c,4,5,h,7,c,4
282,h,h,2,h,c,5,6,c,8,5
283,0,1,c,3,4,h,c,h,8,4
284,c,h,h,c,4,c,6,h,h,4
285,h,h,2,c,4,h,6,c,8,2
286,h,h,2,3,c,5,6,7,c,2
287,0,h,2,c,4,5,h,7,8,4
288,c,1,2,3,4,h,6,7,h,2
289,c,h,c,h,h,c,c,7,h,7
290,0,1,h,c,h,c,6,h,8,6
291,0,h,c,h,c,h,6,7,c,0
292,h,1,2,c,c,5,h,7,h,5
293,h,c,2,3,c,h,h,h,c,3
294,h,1,2,3,h,c,6,7,c,2
295,0,1,c,h,h,5,c,c,h,5
296,0,c,h,h,c,5,6,7,8,7
297,0,1,2,h,h,5,6,c,8,5
298,h,h,2,3,h,c,c,7,c,2
299,0,1,c,c,h,5,6,h,8,1
300,c,h,h,c,4,5,6,7,h,6
301,h,1,2,c,c,h,6,7,8,7
302,0,h,h,c,c,5,c,h,8,0
303,h,c,h,3,c,h,6,h,c,6
304,c,h,c,h,4,h,h,c,c,4
305,h,h,2,c,h,c,h,c,8,2
306,h,1,c,3,h,5,c,h,8,5
307,c,h,c,h,c,5,6,h,h,6
308,0,c,2,3,h,5,6,7,8,6
309,c,1,2,h,4,5,c,h,h,2
310,0,1,c,3,4,5,h,h,8,8
311,c,1,2,3,c,h,h,7,8,8
312,h,1,c,3,4,c,h,7,8,8
313,c,h,2,3,4,5,6,7,8,3
314,c,1,h,h,h,c,6,c,h,6
315,0,h,c,c,4,c,6,h,h,4
316,0,h,2,c,4,h,6,7,8,8
317,0,h,h,3,h,c,6,7,c,6
318,0,h,2,3,4,5,c,7,h,0
319,c,h,h,3,4,c,c,h,h,3
320,0,c,h,3,4,c,6,h,h,6
321,0,1,2,h,h,c,c,7,8,8
322,0,h,c,h,4,c,6,7,8,8
323,0,c,2,h,4,5,6,7,8,0
324,0,c,h,h,4,h,6,7,c,4
325,c,h,h,h,4,c,h,c,8,4
326,h,1,2,3,h,c,c,h,8,8
327,0,1,2,c,4,5,h,7,8,4
328,h,1,c,3,4,h,6,7,c,6
329,c,1,h,h,4,h,c,c,8,8
330,h,1,h,c,h,5,c,h,c,1
331,0,h,c,3,c,h,6,h,8,6
332,h,c,h,3,h,c,c,h,8,8
333,0,1,h,h,h,5,c,c,8,8
334,c,1,2,h,4,c,h,h,c,2
335,h,c,c,3,c,h,h,h,c,3
336,c,h,c,3,h,h,6,7,8,3
337,h,1,h,3,c,h,c,c,8,8
338,0,1,2,h,c,h,c,c,h,1
339,c,c,h,c,h,c,6,h,h,6
340,h,1,2,3,c,h,6,7,c,6
341,h,1,2,3,4,5,6,c,8,6
342,0,h,2,h,4,h,c,c,8,8
343,0,c,2,h,4,h,6,7,8,4
344,h,c,h,3,c,5,6,h,8,3
345,h,1,2,c,c,5,6,h,h,5
346,0,1,h,3,h,5,6,c,c,6
347,h,c,h,c,c,5,h,h,c,5
348,0,c,c,h,4,5,h,7,h,0
349,0,1,c,h,c,h,h,7,c,0
350,c,c,h,3,c,h,h,7,8,8
351,h,c,2,h,4,5,6,7,8,6
352,0,h,2,c,4,c,h,7,h,4
353,0,1,h,h,h,5,6,c,c,6
354,0,1,2,3,4,5,h,h,c,5
355,c,h,c,3,h,5,c,7,h,3
356,0,h,c,3,h,5,c,c,h,0
357,h,h,2,c,4,c,h,h,c,2
358,c,h,2,h,c,h,c,7,h,2
359,0,1,2,3,4,c,h,7,h,7
360,0,1,h,h,c,c,6,h,c,0
361,h,c,h,3,h,c,6,c,8,3
362,c,1,2,h,h,5,6,7,8,5
363,c,h,h,3,4,5,6,7,8,3
364,h,c,h,3,4,5,6,c,8,4
365,c,1,2,3,h,h,6,7,8,3
366,c,h,2,h,4,c,c,h,h,4
367,0,1,h,3,c,5,6,h,c,0
368,0,1,c,h,h,c,h,7,8,8
369,c,1,2,h,c,h,h,7,8,8
370,h,h,2,3,4,c,h,c,8,8
371,0,c,h,h,h,c,6,7,c,6
372,0,h,2,3,c,5,6,7,h,5
373,0,1,2,c,4,h,6,h,8,8
374,h,h,c,c,c,5,h,h,8,5
375,h,h,c,3,4,c,h,c,h,3
376,0,h,h,3,4,5,c,7,8,0
377,h,c,c,c,4,h,6,h,8,8
378,h,1,2,c,c,h,c,h,h,2
379,0,h,2,c,4,c,h,h,c,2
380,c,h,c,c,c,h,6,h,h,6
381,0,1,2,3,h,c,6,7,h,0
382,c,1,2,3,4,h,h,c,8,4
383,0,1,2,h,h,c,6,7,8,6
384,c,1,h,h,4,5,c,7,8,8
385,0,h,2,3,h,c,c,7,8,7
386,0,1,c,c,h,h,6,7,h,0
387,0,h,h,c,h,c,6,7,c,7
388,h,c,h,h,h,c,c,c,8,8
389,0,1,c,c,4,h,h,7,8,8
390,c,1,h,c,h,h,6,c,8,6
391,c,c,h,3,h,c,6,h,8,6
392,c,h,2,h,c,h,6,c,8,8
393,0,1,2,c,4,h,c,7,h,0
394,h,1,h,3,c,5,6,c,h,1
395,0,1,h,h,c,5,c,7,8,7
396,c,h,h,3,h,h,6,c,c,6
397,c,h,2,3,c,5,6,h,8,8
398,h,c,h,h,4,5,c,c,h,4
399,0,c,h,3,4,h,6,7,8,8
400,0,c,h,h,4,h,6,c,8,4
401,h,1,h,3,4,h,c,7,c,7
402,c,1,2,c,c,h,h,7,h,1
403,0,1,2,3,4,5,6,c,h,4
404,0,c,h,c,4,c,6,h,h,4
405,0,h,2,3,c,5,6,h,c,0
406,0,1,c,h,4,c,6,h,8,8
407,0,h,2,3,4,c,h,7,c,2
408,h,h,2,3,c,c,h,c,8,3
409,c,h,2,h,4,c,6,7,8,8
410,h,h,2,3,4,5,c,c,h,5
411,c,1,2,3,h,5,c,h,h,3
412,h,1,h,h,c,h,6,c,c,1
413,h,1,2,3,4,c,6,h,8,4
414,0,c,2,h,h,5,6,c,8,5
415,0,c,h,c,c,5,h,h,8,5
416,0,c,2,h,4,5,6,7,h,4
417,0,h,c,c,h,5,h,c,8,8
418,c,1,c,3,h,c,h,7,h,1
419,0,c,2,3,h,c,h,h,c,2
420,c,1,2,3,c,5,h,7,h,7
421,0,c,2,3,c,h,c,h,h,2
422,c,c,2,h,c,h,6,7,h,7
423,0,h,h,3,4,c,6,c,h,0
424,0,c,2,h,c,c,h,h,8,8
425,0,h,2,h,4,c,h,c,8,0
426,c,1,c,h,h,c,h,7,h,1
427,h,1,c,3,c,5,h,7,h,1
428,0,1,2,3,c,5,6,7,h,2
429,0,h,c,h,h,5,h,c,c,5
430,c,h,c,3,4,5,6,h,h,4
431,c,h,2,h,c,c,h,c,h,2
432,h,c,h,3,4,5,6,h,c,4
433,0,c,c,3,4,h,6,h,h,0
434,c,c,h,3,4,5,h,7,h,5
435,h,1,2,h,4,5,c,c,8,8
436,0,1,h,c,h,c,6,7,8,6
437,0,c,2,3,4,c,6,h,h,6
438,c,c,h,c,h,h,6,h,8,6
439,0,1,c,h,4,5,h,h,c,5
440,h,c,2,h,4,c,c,h,h,4
441,h,1,h,3,h,c,6,7,c,1
442,c,h,h,c,c,5,h,7,h,5
443,0,c,2,3,4,5,h,h,c,0
444,0,1,2,3,4,c,6,h,8,4
445,0,1,c,c,4,h,6,h,8,0
446,h,1,2,h,c,h,c,c,8,1
447,h,c,h,c,c,h,h,7,8,7
448,h,h,2,c,4,5,h,7,c,2
449,0,h,2,c,c,5,6,7,h,5
450,0,1,2,3,h,c,c,h,8,1
451,c,h,2,h,c,c,h,h,8,8
452,c,c,2,h,h,c,h,7,h,2
453,0,h,h,3,4,h,c,c,8,8
454,0,h,c,h,4,5,6,c,h,0
455,c,c,2,h,h,c,6,h,8,2
456,c,h,2,3,c,h,6,7,8,8
457,0,c,h,h,4,5,c,h,c,0
458,h,1,2,h,4,5,6,c,c,6
459,c,1,2,3,4,5,6,h,8,4
460,0,c,2,3,4,h,c,h,8,2
461,c,1,2,c,h,c,h,h,8,8
462,0,1,h,c,4,5,h,c,8,4
463,h,1,c,h,h,c,6,7,8,8
464,0,c,c,h,h,5,h,h,c,0
465,h,h,c,c,c,h,h,c,8,8
466,h,c,2,h,c,h,6,h,c,6
467,c,h,h,c,4,5,h,h,c,4
468,c,c,h,3,4,5,h,h,c,4
469,c,1,2,h,c,5,h,7,h,7
470,0,c,h,3,4,5,c,h,8,0
471,h,1,c,3,h,h,c,h,c,1
472,c,1,h,3,4,c,c,h,h,3
473,c,h,h,3,c,c,6,h,8,3
474,h,h,2,h,c,5,c,7,8,2
475,c,1,h,h,4,c,h,7,c,4
476,c,h,2,c,4,5,6,h,8,6
477,h,h,2,c,4,c,6,7,8,4
478,c,h,2,3,4,h,6,7,c,4
479,h,1,h,c,h,h,c,7,c,7
480,h,1,2,3,4,5,c,7,h,4
481,0,c,h,h,c,5,c,h,h,5
482,0,c,2,c,h,5,6,h,8,0
483,h,1,h,3,4,5,c,7,c,7
484,0,c,2,h,4,c,h,7,h,0
485,0,1,h,c,c,h,6,7,8,8
486,0,h,2,3,4,c,6,7,8,2
487,h,c,c,c,h,h,h,7,8,8
488,h,c,2,h,h,5,c,7,c,7
489,c,h,2,h,4,h,6,7,c,4
490,h,c,2,3,c,5,6,7,h,7
491,h,h,c,c,4,h,6,7,8,8
492,c,1,c,3,h,h,6,c,h,1
493,0,h,2,c,4,5,6,7,8,0
494,c,1,h,3,4,c,6,7,h,3
495,h,h,2,c,h,h,c,7,c,7
496,0,1,2,3,h,5,h,7,c,2
497,c,h,2,c,h,h,h,c,c,2
498,0,c,h,h,4,5,h,c,c,4
499,h,1,2,h,c,5,6,c,8,1
500,0,h,c,h,c,c,h,c,h,0
501,0,c,2,3,h,h,6,7,c,3
502,0,c,2,3,4,h,h,c,8,4
503,h,c,c,3,h,5,6,h,8,8
504,h,1,c,3,c,h,h,h,c,3
505,0,1,h,3,4,c,6,h,8,4
506,0,c,h,c,h,5,6,7,h,0
507,h,h,c,3,h,5,6,c,8,8
508,0,1,h,h,c,5,h,7,c,0
509,0,c,c,c,h,h,6,h,h,0
510,h,1,c,3,h,h,h,c,c,3
511,h,c,h,3,4,5,c,7,h,5
512,h,c,c,3,h,h,6,c,8,6
513,0,1,2,h,4,5,h,c,8,0
514,0,h,h,h,4,c,c,h,c,0
515,0,c,2,c,h,c,h,7,h,2
516,c,h,h,h,4,c,6,7,8,4
517,h,1,c,h,4,h,c,7,8,4
518,0,1,c,3,h,5,h,7,8,8
519,0,h,h,c,h,5,6,c,c,6
520,c,c,h,h,h,c,6,h,8,6
521,h,h,c,h,c,c,6,7,8,6
522,c,c,h,h,4,h,c,h,c,4
523,0,1,2,h,4,5,c,7,h,4
524,c,c,h,3,h,h,c,h,c,3
525,c,c,h,3,4,h,h,7,8,4
526,0,h,c,c,h,c,6,7,h,6
527,0,h,c,h,c,c,h,h,8,8
528,c,1,c,h,c,5,6,h,h,6
529,h,c,h,c,4,h,c,7,8,8
530,h,1,c,c,h,c,h,h,8,8
531,h,1,2,3,4,5,c,h,c,2
532,0,h,c,3,4,h,c,7,h,4
533,h,h,c,h,c,5,6,c,h,6
534,0,c,h,3,h,c,6,7,h,0
535,0,1,c,h,c,5,6,7,h,6
536,0,h,h,3,c,5,6,7,c,0
537,c,1,h,c,c,5,h,h,8,5
538,0,1,2,c,h,5,h,c,h,1
539,0,c,2,h,h,5,6,c,h,6
540,0,1,2,h,4,c,h,c,8,0
541,c,h,h,c,h,5,6,c,h,6
542,0,1,h,c,h,c,c,h,h,0
543,0,h,c,3,4,5,c,h,h,4
544,c,c,h,h,4,h,6,7,c,4
545,h,c,2,c,h,5,h,7,8,7
546,h,1,c,h,4,5,c,c,h,4
547,h,1,c,h,4,c,6,c,h,4
548,0,1,c,h,h,5,6,7,8,5
549,0,1,h,3,4,5,6,7,c,6
550,0,1,c,3,4,h,c,7,h,4
551,c,1,c,3,h,h,c,h,h,3
552,h,1,h,3,c,c,6,h,8,3
553,h,c,h,h,c,5,6,h,c,6
554,h,c,2,c,c,5,h,7,h,5
555,c,h,h,h,4,c,c,7,h,7
556,h,h,c,3,4,5,6,c,h,4
557,h,1,2,h,h,5,6,c,c,6
558,c,1,h,h,4,5,6,7,8,5
559,0,h,h,h,4,c,h,c,c,4
560,0,h,2,3,4,c,6,h,8,4
561,0,h,h,h,c,c,c,h,c,0
562,h,1,2,3,c,5,6,h,8,6
563,h,c,c,c,h,h,6,h,c,6
564,0,1,h,3,c,c,h,c,h,3
565,h,1,c,3,4,5,6,7,8,5
566,0,h,c,3,4,c,h,7,8,8
567,h,c,c,3,h,h,c,h,8,8
568,0,1,h,h,c,5,6,7,8,0
569,0,1,2,3,h,c,c,h,h,1
570,c,1,2,h,4,5,h,c,h,1
571,h,h,2,c,4,c,h,7,8,4
572,0,1,c,3,h,h,6,7,8,3
573,h,c,c,3,4,c,h,h,8,8
574,0,1,c,h,4,5,6,7,8,0
575,0,c,2,c,4,h,c,h,h,0
576,h,1,c,h,4,5,6,7,8,6
577,h,c,2,h,h,c,6,c,8,6
578,h,1,c,c,h,h,c,h,c,1
579,0,1,h,c,4,c,h,7,8,4
580,c,1,h,h,c,c,6,h,h,6
581,0,h,c,h,4,5,c,c,h,4
582,0,1,c,3,c,h,6,7,h,6
583,0,1,h,3,c,5,6,7,8,7
584,c,h,c,h,c,h,6,7,8,6
585,c,h,2,h,h,c,h,c,c,2
586,c,h,2,3,4,h,6,c,8,6
587,h,h,c,c,h,c,h,c,8,8
588,h,1,c,3,c,h,6,h,8,6
589,c,1,h,h,4,5,h,7,c,4
590,0,1,h,h,4,5,c,7,c,7
591,c,h,2,h,c,5,c,h,h,2
592,0,1,c,h,4,h,6,h,c,4
593,h,c,2,c,4,5,6,h,8,6
594,0,h,c,h,4,5,c,h,8,4
595,h,c,2,3,4,h,6,7,c,7
596,h,1,h,3,4,5,h,c,c,3
597,0,c,c,3,4,h,6,7,h,0
598,0,1,c,h,4,5,h,7,c,5
599,c,h,2,c,c,5,h,7,h,5
600,c,1,h,3,4,h,6,7,8,8
601,c,c,2,3,h,h,6,c,h,2
602,0,1,2,h,4,c,h,h,c,2
603,h,1,2,c,h,h,6,c,c,6
604,0,h,h,c,c,h,6,c,8,8
605,0,h,2,h,c,5,6,7,8,2
606,c,h,2,3,h,5,6,c,8,6
607,0,c,c,3,h,h,c,h,8,0
608,0,h,2,3,4,5,h,c,c,0
609,c,1,c,3,h,5,h,7,8,1
610,h,1,2,h,c,h,6,c,8,1
611,0,1,2,h,c,h,c,7,h,2
612,0,h,2,3,c,c,h,h,8,3
613,0,c,h,3,h,h,6,c,8,8
614,0,c,c,h,4,h,h,c,h,0
615,0,c,h,h,4,c,h,c,8,4
616,c,h,c,h,4,h,c,c,h,4
617,0,h,2,c,h,h,c,7,8,0
618,0,1,2,3,h,h,c,c,8,8
619,0,h,h,3,c,5,6,c,8,0
620,h,1,h,c,c,h,h,c,8,1
621,0,1,h,3,h,5,6,7,c,6
622,c,h,c,c,h,h,6,7,8,6
623,0,h,c,3,c,h,h,7,8,8
624,h,h,2,c,c,h,h,c,8,2
625,0,h,2,h,4,5,c,7,c,7
626,0,h,c,c,h,h,6,7,8,7
627,h,c,2,c,c,h,h,7,8,7
628,c,h,c,3,c,h,h,c,h,3
629,h,c,2,h,4,5,c,h,c,2
630,0,h,c,c,4,5,h,7,8,5
631,h,h,c,3,c,h,h,c,c,3
632,0,1,h,c,h,5,6,c,8,6
633,0,c,2,3,h,c,h,7,8,2
634,c,h,2,h,c,c,6,7,h,6
635,0,1,c,h,c,h,6,7,8,6
636,0,h,h,3,c,h,c,c,8,8
637,0,c,h,3,h,c,c,7,h,0
638,c,1,2,h,h,c,h,c,8,2
639,c,1,2,c,h,h,h,c,8,2
640,0,1,2,c,4,h,6,7,h,2
641,0,1,c,3,4,h,h,c,h,1
642,c,1,c,3,4,h,h,7,8,1
643,h,c,2,3,h,5,h,c,c,5
644,0,1,c,3,h,5,6,7,h,0
645,c,h,h,3,4,h,c,c,8,3
646,0,c,2,c,h,h,c,h,h,0
647,c,h,h,c,4,c,h,c,h,4
648,0,c,2,3,4,5,h,7,8,0
649,c,c,2,h,c,5,6,h,h,2
650,0,c,h,3,c,5,6,7,h,7
651,h,h,2,3,c,h,h,c,c,2
652,0,c,h,3,h,h,c,7,8,7
653,0,1,2,c,4,c,h,7,h,4
654,h,c,c,3,h,5,6,7,8,8
655,0,1,c,h,4,c,c,h,h,4
656,c,c,2,h,4,5,h,7,h,2
657,0,1,h,3,h,c,c,7,8,1
658,0,h,c,3,h,c,h,c,8,8
659,h,c,2,3,h,c,h,7,8,3
660,0,h,c,c,c,5,h,7,h,5
661,0,1,h,c,h,h,6,c,8,8
662,h,c,h,h,h,c,c,7,8,8
663,h,c,2,3,4,5,6,h,8,6
664,0,c,2,h,4,5,h,7,c,0
665,c,h,h,c,4,5,h,7,8,4
666,c,1,h,h,c,c,c,h,h,1
667,0,c,c,3,h,h,6,h,8,0
668,c,1,h,h,4,h,6,7,c,4
669,h,h,2,h,c,c,c,h,c,2
670,h,1,c,c,h,5,h,c,8,8
671,c,c,2,3,4,h,h,7,8,2
672,h,h,c,3,c,5,h,7,c,5
673,c,c,h,3,h,5,6,h,c,6
674,c,h,c,h,4,h,6,c,h,4
675,h,1,2,c,4,c,h,7,h,4
676,h,h,2,3,c,c,h,7,8,3
677,0,c,h,h,4,5,6,7,c,7
678,h,1,c,3,h,5,h,c,c,5
679,0,1,c,h,4,h,c,h,c,4
680,0,c,h,c,4,5,h,7,8,4
681,0,1,c,c,4,h,c,h,h,4
682,0,h,c,h,c,c,6,7,h,6
683,h,c,2,c,4,h,h,7,8,8
684,h,h,c,c,4,5,6,c,h,4
685,0,c,h,3,4,c,h,h,8,8
686,0,h,2,h,4,5,6,7,c,2
687,0,h,h,3,h,5,6,c,c,6
688,0,1,c,h,h,5,h,c,c,5
689,0,c,h,c,h,5,c,h,h,0
690,0,1,2,3,c,h,6,c,h,1
691,0,c,h,3,4,5,6,7,8,4
692,0,c,h,c,4,h,c,h,8,0
693,h,1,2,c,h,c,c,h,8,2
694,c,c,2,c,4,h,h,7,h,2
695,0,h,h,c,4,5,6,7,c,0
696,h,c,h,h,4,c,6,c,h,4
697,0,1,c,3,h,5,c,h,8,1
698,0,1,c,h,4,c,h,7,8,8
699,c,c,2,3,h,5,h,7,8,2
700,c,h,h,3,4,h,c,h,c,4
701,0,h,c,3,4,h,6,h,c,4
702,0,h,h,h,4,c,c,7,8,0
703,h,c,2,h,c,c,6,7,h,7
704,c,h,c,3,4,c,h,h,8,8
705,0,1,2,3,c,h,6,h,8,6
706,0,h,h,h,c,5,c,7,8,0
707,c,h,2,3,4,5,c,h,8,3
708,c,1,h,3,4,5,c,7,h,3
709,c,h,2,c,c,h,h,7,h,2
710,h,1,2,h,c,h,c,7,8,2
711,h,c,2,c,c,h,6,7,h,7
712,h,c,h,3,4,c,6,c,h,4
713,c,c,h,h,h,5,c,h,c,5
714,h,1,2,c,c,5,h,h,c,5
715,0,h,c,c,h,h,c,7,8,0
716,0,1,2,3,4,h,c,7,8,0
717,0,h,2,3,h,c,h,c,c,2
718,0,h,2,c,4,5,c,7,h,0
719,c,h,h,3,c,c,6,7,h,3
720,h,1,c,3,4,c,6,h,8,8
721,h,1,2,h,4,5,6,7,c,6
722,0,h,h,h,4,c,6,7,c,0
723,h,1,2,c,h,5,6,7,c,6
724,c,1,h,h,h,5,c,h,c,5
725,h,c,c,h,4,h,c,7,8,4
726,h,1,2,c,h,5,h,7,c,2
727,0,1,h,h,4,5,6,c,8,4
728,0,1,h,h,h,c,6,7,c,6
729,h,1,h,c,4,c,6,7,8,4
730,0,1,h,c,h,5,6,7,c,6
731,0,c,h,c,4,5,h,h,8,4
732,c,h,c,3,h,5,h,c,h,3
733,c,h,h,c,h,h,6,c,c,6
734,h,1,2,3,4,h,c,c,h,4
735,0,1,2,c,4,5,6,h,8,4
736,c,1,c,3,4,h,c,h,h,4
737,0,h,h,h,c,c,c,7,8,0
738,h,1,2,3,h,5,6,7,c,6
739,h,c,2,c,4,h,6,h,c,6
740,0,1,2,3,4,h,6,7,c,7
741,h,c,2,h,4,c,6,7,8,6
742,0,h,2,3,c,5,h,7,8,3
743,0,h,2,c,4,h,6,c,8,6
744,c,1,2,h,h,5,c,c,h,5
745,h,1,h,3,4,c,c,7,8,1
746,0,1,h,3,4,c,6,7,h,4
747,0,h,h,c,4,5,c,h,8,0
748,0,c,h,3,4,h,h,7,c,4
749,0,1,h,c,4,5,6,7,h,5
750,c,h,c,3,c,5,h,7,h,7
751,0,c,h,3,c,h,6,7,8,7
752,c,1,c,3,4,h,6,7,h,1
753,c,h,h,h,4,5,6,7,c,4
754,0,c,2,h,c,h,6,h,c,0
755,h,c,h,3,h,5,c,7,c,7
756,h,1,2,3,4,c,h,7,8,3
757,0,h,c,c,4,5,h,c,h,0
758,h,1,2,3,4,5,h,c,c,3
759,h,h,c,3,4,h,6,c,c,6
760,c,1,2,h,4,h,h,c,8,4
761,0,h,c,3,4,5,h,c,h,3
762,0,c,2,h,4,c,6,h,8,2
763,0,h,2,3,c,c,6,7,h,3
764,0,c,2,h,4,c,h,h,8,4
765,0,h,h,c,h,5,6,7,c,0
766,h,1,2,3,4,h,6,7,c,3
767,c,1,2,h,4,5,6,h,c,4
768,0,h,2,h,4,5,6,c,8,0
769,c,c,2,3,4,h,6,7,h,2
770,0,h,2,c,4,h,c,c,h,0
771,h,c,h,h,h,5,c,c,8,8
772,c,c,2,3,4,h,h,7,h,2
773,0,1,2,3,4,h,c,h,8,0
774,h,1,2,c,c,h,h,h,c,1
775,0,1,h,3,4,h,c,7,8,8
776,h,1,h,c,h,h,6,c,c,6
777,0,1,2,3,4,5,h,c,8,3
778,h,1,2,c,4,5,6,h,8,4
779,h,1,c,c,c,h,h,h,c,1
780,h,c,2,c,h,h,h,c,8,8
781,0,h,2,3,4,5,6,7,c,2
782,h,c,c,c,c,h,h,h,8,8
783,0,h,h,h,c,h,6,c,c,6
784,0,c,2,3,4,h,6,7,h,2
785,h,h,c,c,4,c,c,h,h,4
786,0,1,2,h,4,c,h,7,8,0
787,h,c,2,h,c,h,c,h,c,2
788,c,h,c,h,h,5,6,c,8,5
789,c,h,2,3,4,5,h,h,c,4
790,h,1,2,c,h,5,c,h,8,2
791,0,1,h,c,4,5,6,h,c,4
792,c,c,2,h,4,c,h,h,8,2
793,c,1,2,c,4,h,h,h,8,8
794,0,1,2,c,h,5,6,h,8,1
795,c,h,c,3,h,h,c,c,h,3
796,h,h,c,h,4,c,6,c,h,4
797,c,c,2,3,h,c,h,h,8,2
798,0,1,h,c,c,5,h,7,h,5
799,c,h,h,3,4,5,6,c,8,6
800,c,h,c,3,c,h,6,7,h,6
801,0,1,2,3,c,5,h,7,8,1
802,0,h,h,c,4,c,6,7,8,4
803,h,c,h,h,4,c,c,c,h,4
804,0,c,2,c,4,h,h,c,h,4
805,0,c,2,h,4,h,c,c,h,4
806,h,c,c,c,4,h,h,h,c,4
807,0,1,2,h,4,h,6,7,c,4
808,h,c,c,h,4,h,6,7,8,8
809,0,c,2,3,4,c,h,h,8,8
810,h,1,c,3,4,h,6,c,8,4
811,0,h,c,3,c,5,h,c,h,0
812,c,1,h,h,c,5,c,7,h,5
813,c,1,h,3,h,5,c,h,c,3
814,0,1,2,3,c,h,c,h,8,2
815,h,c,c,3,h,c,6,h,8,8
816,0,h,h,3,4,h,6,c,c,6
817,0,1,2,c,h,5,c,7,h,0
818,h,1,h,c,4,h,c,7,c,7
819,c,1,c,h,4,h,c,h,8,4
820,0,c,2,3,h,5,h,c,8,2
821,c,1,2,3,c,h,6,7,h,2
822,0,c,2,c,4,h,h,h,8,8
823,h,c,2,3,h,5,6,7,c,3
824,0,h,2,3,4,h,c,7,8,8
825,h,1,h,3,4,c,6,7,8,1
826,h,c,c,h,h,c,6,h,8,8
827,0,c,2,3,4,h,6,h,c,0
828,h,c,h,h,c,c,c,7,h,7
829,c,h,h,c,4,c,6,7,h,6
830,h,c,c,3,4,5,6,h,h,6
831,c,h,h,3,4,5,c,c,h,3
832,h,h,c,3,h,h,c,7,c,7
833,c,c,h,3,4,c,h,7,h,7
834,c,1,h,c,c,h,h,7,8,8
835,0,h,h,3,4,c,c,7,8,0
836,h,1,2,c,c,h,6,c,h,1
837,0,1,2,3,h,5,6,c,8,2
838,c,1,h,3,h,c,c,h,h,3
839,0,h,c,h,c,h,6,h,c,6
840,c,h,h,3,4,5,c,h,8,3
841,c,h,2,3,4,5,6,c,h,4
842,c,1,c,h,h,5,c,h,8,1
843,h,1,c,3,c,5,6,h,h,6
844,0,1,c,3,4,5,h,7,8,8
845,h,h,2,3,4,c,6,7,c,2
846,c,1,2,3,4,5,h,7,h,7
847,c,h,h,h,4,c,6,h,c,4
848,c,c,2,h,c,h,h,h,8,2
849,h,1,2,3,h,c,h,c,8,1
850,0,1,c,3,4,h,6,h,c,0
851,0,1,2,h,c,h,6,c,8,1
852,0,c,2,h,4,5,6,c,h,4
853,c,c,2,3,h,h,6,7,h,2
854,h,c,2,3,c,5,h,7,8,7
855,h,h,2,h,4,c,6,7,c,2
856,h,c,h,h,c,h,c,7,c,7
857,0,h,2,3,c,h,c,h,c,2
858,0,h,h,c,c,h,6,7,8,7
859,0,c,2,h,c,5,c,h,h,2
860,c,h,2,3,4,5,6,h,8,4
861,0,c,h,c,4,5,6,h,h,0
862,0,h,c,c,h,h,c,c,h,0
863,h,1,2,3,c,5,c,h,8,2
864,c,1,2,c,4,5,h,7,h,7
865,h,1,h,h,h,c,c,7,c,7
866,0,c,h,h,h,5,c,7,c,7
867,h,h,c,3,c,5,h,c,h,3
868,c,c,h,3,h,5,6,c,h,6
869,h,1,2,h,c,5,c,7,8,2
870,0,h,2,c,h,c,6,7,8,7
871,h,1,h,h,4,5,6,c,c,6
872,c,1,c,h,4,h,6,c,h,1
873,h,1,c,h,h,5,c,7,8,8
874,c,h,2,3,4,c,h,7,h,7
875,c,h,h,3,h,5,6,7,c,5
876,h,1,c,3,4,h,6,h,c,3
877,0,1,2,h,c,h,h,c,c,0
878,h,c,h,3,c,5,6,7,8,7
879,0,1,2,c,c,h,6,h,8,0
880,c,1,2,3,4,5,h,h,c,4
881,c,1,2,3,h,5,6,h,c,1
882,0,h,h,3,c,c,h,c,h,3
883,0,h,h,c,4,5,6,c,h,6
884,h,c,2,3,c,h,c,h,8,2
885,h,h,2,c,c,5,h,c,h,5
886,c,1,c,h,4,h,6,h,8,1
887,h,c,h,3,4,h,6,c,8,4
888,c,h,h,h,c,5,h,c,8,8
889,c,1,2,c,h,h,h,7,8,2
890,c,h,2,h,4,c,h,h,c,4
891,c,h,h,h,h,c,6,c,c,6
892,0,1,2,3,4,5,h,7,c,0
893,c,c,h,3,c,h,h,h,8,8
894,0,c,2,c,4,5,h,h,8,8
895,0,h,c,h,4,c,c,h,h,4
896,h,c,2,3,h,5,h,7,c,3
897,0,c,2,h,4,5,c,h,8,2
898,h,1,c,h,4,5,6,h,c,5
899,0,1,h,h,c,c,h,7,c,0
900,h,c,2,3,c,h,6,7,8,7
901,0,h,2,h,4,c,6,7,c,2
902,0,c,2,c,h,5,h,h,c,2
903,0,1,2,3,h,5,6,h,c,1
904,h,1,2,3,h,5,c,h,c,1
905,h,h,2,c,c,h,c,7,8,2
906,0,1,c,h,h,c,h,c,h,0
907,0,h,c,3,h,h,6,7,c,0
908,h,h,c,3,c,c,6,h,h,3
909,0,h,2,h,c,c,6,7,h,0
910,0,c,h,h,c,c,c,h,h,0
911,c,h,c,h,4,c,c,h,h,4
912,0,1,2,c,c,h,h,h,c,0
913,c,c,2,h,4,c,6,h,h,2
914,c,1,h,3,4,c,h,h,8,8
915,0,h,c,3,h,c,h,7,8,8
916,0,1,2,c,h,c,h,c,h,2
917,c,1,h,3,c,h,h,7,8,8
918,0,c,c,3,h,h,6,7,h,0
919,h,c,h,c,4,c,h,c,h,4
920,h,1,h,3,h,c,6,c,8,3
921,0,h,2,3,c,h,6,7,8,0
922,c,h,h,3,c,5,h,c,8,8
923,0,c,h,h,h,c,6,h,c,6
924,h,1,2,h,c,5,c,h,8,2
925,h,h,2,h,h,c,6,c,c,2
926,0,c,2,3,4,5,c,h,h,2
927,0,1,h,h,4,c,h,c,8,4
928,c,1,h,h,h,5,c,7,8,5
929,h,c,h,h,c,h,6,7,c,7
930,h,1,2,c,4,5,6,7,8,1
931,0,h,h,h,4,5,c,7,c,7
932,0,h,c,h,h,c,6,c,h,0
933,c,1,h,3,4,h,6,h,c,4
934,c,c,h,h,4,c,h,h,c,4
935,c,c,h,h,c,c,h,7,h,7
936,0,1,c,3,c,h,h,7,8,1
937,h,1,2,h,h,c,6,c,c,6
938,h,h,2,c,c,h,6,h,c,2
939,h,c,h,c,4,c,h,h,8,4
940,h,h,2,h,c,c,6,7,8,8
941,0,1,c,c,4,h,h,h,8,8
942,0,c,h,3,h,c,6,h,c,6
943,c,1,h,h,4,c,c,h,8,4
944,c,h,c,h,h,c,6,c,h,6
945,h,c,h,c,4,5,6,7,8,4
946,h,h,c,c,4,h,c,c,h,4
947,h,h,c,c,4,5,6,7,h,4
948,0,h,2,h,c,h,6,c,c,6
949,0,1,2,3,4,5,c,h,8,0
950,0,c,c,3,4,h,h,7,8,0
951,0,h,c,3,c,h,h,h,c,0
952,0,h,2,3,h,c,6,7,8,7
953,h,1,h,3,c,5,6,7,8,1
954,0,1,2,3,c,h,6,7,h,2
955,h,1,c,h,4,c,c,h,h,4
956,h,1,2,c,4,5,c,7,h,4
957,h,1,2,3,4,c,6,7,8,2
958,c,c,h,h,4,5,h,c,8,4
959,c,h,2,3,4,5,c,7,h,3
960,h,c,h,h,4,5,c,7,8,7
961,c,h,2,3,h,h,c,c,h,3
962,c,h,h,3,4,c,6,h,c,4
963,0,c,h,3,4,5,h,h,c,4
964,0,1,2,3,4,5,6,7,8,2
965,0,h,2,3,h,5,c,7,c,7
966,0,1,c,3,4,5,6,7,h,0
967,0,1,c,c,h,5,h,h,8,8
968,0,1,h,c,4,c,6,h,8,4
969,0,1,2,h,4,c,c,h,8,2
970,h,c,h,3,4,5,6,7,c,7
971,0,h,2,3,4,5,6,c,h,2
972,c,c,2,h,c,h,6,h,h,2
973,c,1,h,3,c,5,6,7,h,5
974,0,1,2,c,c,5,h,h,8,5
975,c,1,2,3,h,c,6,h,8,1
976,h,c,h,3,h,h,6,c,c,6
977,0,1,2,h,4,5,6,7,c,2
978,c,h,2,h,4,5,c,h,c,4
979,c,c,2,h,h,5,h,c,8,2
980,h,c,h,3,c,5,6,7,h,7
981,0,c,c,3,h,c,6,h,h,0
982,h,c,2,3,c,h,c,h,h,2
983,0,h,c,c,c,h,h,7,h,7
984,0,1,h,3,c,5,h,7,c,0
985,0,c,2,c,4,h,6,7,h,2
986,0,h,h,3,h,c,c,7,8,0
987,c,h,2,3,4,h,h,c,c,4
988,c,h,2,h,h,5,c,c,8,8
989,h,1,c,3,h,5,6,7,8,8
990,h,h,c,3,c,h,6,c,h,6
991,0,1,2,c,4,h,h,7,8,8
992,h,1,2,3,4,5,6,7,8,4
993,h,c,h,h,c,5,c,7,8,7
994,0,c,c,h,h,5,6,h,8,0
995,c,1,h,3,4,5,c,h,8,3
996,h,1,c,3,4,h,c,7,8,4
997,h,c,2,3,4,5,h,h,c,3
998,c,c,2,h,c,5,h,h,8,2
999,0,c,h,3,c,5,h,7,8,7
1000,h,c,c,h,4,5,c,7,h,4
1001,c,h,2,3,c,h,6,h,8,8
1002,0,h,c,3,c,h,6,c,h,6
1003,c,h,2,c,h,5,6,7,h,6
1004,0,1,h,3,c,h,c,7,8,8
1005,0,1,h,3,4,5,6,c,8,8
1006,h,1,c,c,4,5,6,h,h,4
1007,c,h,h,h,4,h,6,c,c,6
1008,c,1,2,h,h,5,c,7,h,5
1009,0,c,2,3,4,h,6,c,h,4
1010,0,h,2,h,c,c,h,c,8,0
1011,h,1,2,c,4,5,c,h,h,4
1012,0,1,h,3,h,5,c,c,8,8
1013,0,h,2,3,4,c,6,c,h,2
1014,c,h,c,h,c,c,h,7,h,7
1015,0,1,2,3,h,c,6,h,c,2
1016,h,h,c,3,4,5,c,7,8,4
1017,c,c,2,h,4,h,h,h,c,4
1018,c,h,2,3,c,5,h,7,8,8
1019,0,c,2,h,4,c,6,7,h,7
1020,h,h,2,h,c,h,c,7,c,2
1021,c,1,h,h,4,c,h,h,c,4
1022,h,1,c,3,4,5,c,h,8,4
1023,c,c,h,h,4,5,h,h,c,4
1024,0,h,h,3,c,5,h,c,c,0
1025,h,1,2,c,4,5,6,7,h,4
1026,h,h,2,3,c,5,6,7,8,2
1027,c,h,c,c,h,h,h,7,c,7
1028,0,h,c,c,h,h,h,7,c,7
1029,h,1,2,c,h,h,c,7,8,8
1030,h,1,2,3,h,c,6,7,8,8
1031,h,1,2,c,4,h,c,7,8,2
1032,0,c,c,c,4,h,h,7,h,0
1033,c,1,h,h,4,c,c,h,h,1
1034,0,1,c,c,h,h,c,h,h,0
1035,0,1,c,3,4,h,6,7,8,4
1036,c,c,h,h,h,c,6,7,8,6
1037,0,1,h,c,h,5,c,h,8,0
1038,0,c,c,h,4,5,6,h,8,0
1039,c,c,2,h,h,5,h,h,c,2
1040,h,c,2,c,h,h,6,7,c,6
1041,c,h,2,h,4,5,6,h,c,4
1042,0,h,2,c,h,5,6,c,8,6
1043,0,c,2,h,4,5,6,h,c,0
1044,0,c,2,3,h,h,h,c,8,0
1045,h,c,2,3,4,h,6,c,8,4
1046,c,1,2,h,4,c,h,c,h,1
1047,0,1,2,c,4,h,6,c,h,2
1048,h,1,c,3,4,5,h,c,8,3
1049,h,h,c,c,c,5,h,c,h,5
1050,c,c,2,h,4,5,6,h,h,2
1051,c,h,h,h,c,5,c,h,8,8
1052,h,1,2,c,4,h,6,7,c,6
1053,h,c,h,3,4,h,c,h,c,3
1054,c,1,c,h,h,5,6,7,8,1
1055,0,h,2,h,4,c,c,h,c,2
1056,0,1,c,h,4,5,h,c,8,0
1057,0,c,2,c,4,h,h,7,h,2
1058,0,c,2,h,4,h,c,7,h,0
1059,h,h,2,h,4,5,6,c,c,6
1060,0,h,h,3,c,c,6,7,h,3
1061,h,1,h,3,c,c,h,7,8,3
1062,h,1,c,3,4,h,6,7,8,4
1063,h,h,2,c,c,5,6,7,h,5
1064,h,c,2,h,4,5,c,7,h,4
1065,c,h,2,3,4,h,c,7,8,3
1066,h,1,h,h,c,5,c,7,c,7
1067,h,h,2,3,4,c,c,7,h,4
1068,c,h,h,h,c,5,6,7,8,8
1069,c,1,2,h,h,c,c,h,8,1
1070,0,c,2,h,c,5,6,7,h,7
1071,0,1,h,3,4,5,6,h,c,1
1072,c,c,2,h,c,h,c,h,h,2
1073,0,1,c,3,4,c,h,7,h,7
1074,h,c,h,c,4,5,6,h,c,6
1075,h,1,2,3,c,h,6,7,8,8
1076,h,h,c,3,c,5,6,h,c,6
1077,c,1,2,3,4,h,c,7,h,3
1078,0,1,h,3,h,5,6,c,8,6
1079,0,c,c,3,h,h,h,h,c,0
1080,c,h,h,3,c,c,h,7,8,3
1081,h,h,c,3,4,5,6,7,8,8
1082,0,h,2,h,4,5,c,c,8,8
1083,0,c,2,h,h,5,h,c,8,8
1084,0,h,2,3,4,5,c,h,8,4
1085,0,h,h,c,c,5,c,h,h,5
1086,h,1,c,3,h,h,c,c,8,8
1087,c,h,c,h,c,h,6,c,h,6
1088,h,1,c,c,4,c,h,7,h,4
1089,0,c,2,3,h,5,6,7,h,0
1090,h,c,h,c,4,c,6,7,h,4
1091,0,c,h,3,c,5,h,7,h,7
1092,h,1,c,3,c,h,6,7,8,6
1093,c,h,2,3,4,5,6,7,h,6
1094,h,1,c,3,4,c,h,7,h,7
1095,0,h,2,3,4,c,c,7,h,3
1096,c,h,2,h,c,5,c,7,h,2
1097,h,1,2,3,c,5,c,7,h,2
1098,0,c,h,3,4,5,h,7,c,4
1099,0,1,h,h,4,c,6,7,8,6
1100,h,c,2,h,4,5,6,c,8,4
1101,0,1,2,h,h,c,c,7,h,0
1102,0,h,c,h,4,c,6,7,h,7
1103,h,1,h,c,4,5,6,7,8,1
1104,0,1,2,h,c,h,6,7,8,8
1105,0,1,h,3,c,5,6,h,8,6
1106,0,1,h,3,4,c,h,7,8,4
1107,c,h,2,c,h,c,6,7,h,6
1108,c,c,h,3,4,c,h,h,8,3
1109,h,c,2,3,h,h,c,h,c,3
1110,0,c,h,h,h,c,6,7,8,6
1111,0,1,2,c,4,5,h,7,h,7
1112,0,c,h,c,4,h,6,7,8,8
1113,0,h,c,c,4,h,6,7,h,6
1114,0,1,2,3,c,h,h,h,c,0
1115,0,c,h,h,c,5,6,h,c,0
1116,h,1,2,3,c,h,c,c,h,1
1117,c,1,c,3,h,5,h,c,h,1
1118,h,1,h,c,h,c,c,7,8,7
1119,c,h,c,h,h,5,h,c,c,5
1120,c,h,c,3,h,c,h,c,h,3
1121,h,c,2,h,4,h,c,h,c,4
1122,c,1,c,h,h,c,6,h,8,1
1123,c,1,2,3,h,h,6,c,8,3
1124,0,c,h,3,4,h,c,7,8,8
1125,h,c,2,3,c,h,c,7,h,7
1126,0,1,h,3,4,h,6,7,c,7
1127,h,h,c,h,4,c,c,c,h,4
1128,c,h,2,c,h,c,h,c,h,2
1129,c,c,2,h,4,h,6,7,8,2
1130,0,h,c,3,h,5,6,7,8,7
1131,c,h,2,h,h,c,c,7,8,7
1132,0,h,2,3,c,c,h,7,8,3
1133,0,h,2,3,c,5,6,c,h,5
1134,c,c,h,h,4,5,6,7,8,4
1135,0,c,2,h,4,5,c,7,h,4
1136,0,c,2,h,c,c,6,h,h,6
1137,h,1,2,3,c,c,6,h,8,3
1138,0,c,2,3,4,5,6,7,h,2
1139,h,c,h,3,4,c,h,h,c,4
1140,0,1,h,h,4,5,h,c,c,4
1141,0,c,2,3,4,h,h,7,8,4
1142,0,c,c,h,h,5,h,7,8,0
1143,0,1,c,h,c,h,6,c,h,1
1144,h,1,h,c,h,c,6,7,c,6
1145,c,1,h,3,4,5,h,7,c,4
1146,0,h,2,3,c,5,6,h,8,6
1147,0,c,h,h,4,5,6,c,8,4
1148,h,1,c,c,c,h,6,h,h,6
1149,0,h,2,h,4,5,c,h,c,4
1150,h,c,2,c,c,h,h,h,8,8
1151,h,h,2,3,4,h,c,c,8,8
1152,0,c,c,3,4,5,h,h,8,0
1153,h,h,c,h,h,5,c,c,8,8
1154,h,1,2,c,h,5,h,c,c,2
1155,h,1,h,3,c,h,6,7,c,1
1156,c,h,c,3,c,h,h,7,8,8
1157,c,h,h,h,4,c,c,h,c,4
1158,0,c,h,3,h,c,c,h,h,0
1159,0,1,h,h,c,h,6,7,c,0
1160,0,c,2,h,4,h,6,h,c,4
1161,0,h,h,3,c,c,c,7,h,3
1162,0,h,2,h,c,h,c,c,h,2
1163,c,1,c,3,h,h,6,h,c,1
1164,h,h,2,c,c,5,c,7,h,2
1165,c,1,2,c,h,5,6,h,8,6
1166,c,h,2,3,h,5,c,7,8,3
1167,h,c,c,c,4,h,6,h,h,4
1168,0,h,2,c,c,h,c,h,8,0
1169,0,1,2,c,4,h,c,h,8,0
1170,h,c,c,h,c,c,6,h,h,6
1171,0,c,2,3,4,5,h,h,8,8
1172,0,h,c,3,4,5,6,7,8,4
1173,0,1,2,c,h,h,6,c,8,6
1174,0,1,2,3,h,c,c,7,h,0
1175,c,c,h,3,h,c,6,h,h,6
1176,h,c,2,3,4,5,6,7,8,8
1177,0,1,2,3,4,5,c,7,h,2
1178,c,1,2,3,h,h,6,h,c,3
1179,0,1,h,3,4,5,c,7,8,8
1180,0,c,h,h,4,5,c,h,8,8
1181,h,1,2,h,4,5,6,c,8,6
1182,c,1,2,3,c,5,h,h,8,8
1183,c,c,2,3,4,h,h,c,h,2
1184,c,h,2,3,4,5,h,c,8,3
1185,0,c,h,c,4,5,h,c,h,4
1186,h,h,2,3,c,c,h,c,h,3
1187,0,1,2,3,c,5,6,h,8,2
1188,c,h,2,h,4,c,6,7,h,7
1189,h,c,c,c,h,h,c,h,8,8
1190,c,c,2,h,4,h,h,7,8,2
1191,h,h,c,3,h,5,c,7,c,5
1192,0,h,c,h,4,c,h,c,8,8
1193,h,1,2,3,h,5,6,c,8,8
1194,c,c,2,3,h,h,h,7,8,2
1195,h,1,h,c,4,5,c,7,8,1
1196,0,1,2,3,4,h,6,c,8,8
1197,c,h,2,3,4,h,6,7,8,6
1198,0,1,2,h,h,c,6,h,c,2
1199,c,1,h,3,4,5,6,7,8,8
1200,h,h,c,c,4,c,h,h,8,4
1201,h,1,h,3,4,5,c,7,8,1
1202,0,h,h,3,c,h,c,h,c,0
1203,h,c,2,c,h,h,c,7,8,8
1204,c,h,c,h,4,h,6,7,8,4
1205,0,c,2,3,h,5,c,7,h,0
1206,0,1,h,c,h,c,6,7,h,6
1207,c,h,h,h,4,5,6,c,8,8
1208,0,1,h,h,c,5,c,h,c,0
1209,0,h,c,c,4,5,6,h,8,4
1210,c,h,2,c,h,h,h,c,8,2
1211,0,1,c,3,h,c,h,7,8,8
1212,0,c,h,h,4,5,h,c,8,4
1213,0,c,h,3,4,5,6,h,8,8
1214,0,1,2,3,4,c,6,h,h,6
1215,0,h,c,3,4,h,6,7,c,4
1216,c,h,h,3,4,h,c,7,c,7
1217,0,c,2,3,h,h,6,7,8,3
1218,h,c,2,3,c,h,6,h,c,2
1219,c,c,h,3,4,c,6,h,h,6
1220,h,1,c,h,4,h,6,c,8,8
1221,h,1,2,h,4,h,c,c,8,8
1222,0,1,c,c,4,h,6,h,h,6
1223,h,h,c,c,4,h,c,h,c,4
1224,c,h,2,h,4,h,6,c,c,4
1225,h,h,c,c,4,h,6,c,8,6
1226,0,h,h,c,h,5,6,c,8,8
1227,h,1,2,3,4,h,6,c,8,4
1228,c,c,h,h,4,h,c,h,8,8
1229,h,h,2,c,h,c,6,c,8,8
1230,c,c,2,h,h,c,6,h,h,2
1231,c,1,h,c,4,5,h,7,h,5
1232,0,1,2,h,c,5,c,h,8,2
1233,c,h,2,3,c,h,6,7,h,2
1234,0,1,c,3,4,5,6,h,8,0
1235,h,1,2,3,4,5,c,h,8,1
1236,c,1,2,3,4,5,6,h,h,6
1237,0,c,2,3,4,h,c,h,h,2
1238,h,h,c,3,c,c,h,c,h,3
1239,0,1,2,3,h,h,c,7,8,3
1240,0,h,h,3,c,5,6,7,8,0
1241,0,h,c,c,4,5,c,h,h,4
1242,h,c,c,h,4,h,c,c,h,4
1243,h,1,h,c,4,c,6,c,h,4
1244,0,c,h,c,h,5,6,c,h,6
1245,0,c,h,c,h,h,c,h,c,0
1246,0,c,h,3,4,5,c,h,h,5
1247,0,c,2,3,c,5,h,7,h,7
1248,0,1,2,h,c,5,6,7,8,6
1249,c,h,h,3,c,c,6,h,h,3
1250,h,1,h,c,4,5,h,c,c,1
1251,c,h,h,h,4,c,6,c,8,8
1252,h,h,2,c,4,c,6,7,h,4
1253,0,1,h,3,4,5,6,7,8,4
1254,c,h,2,3,c,c,h,h,8,8
1255,0,1,c,h,4,5,c,7,h,4
1256,h,1,h,c,4,c,6,h,8,4
1257,0,h,2,3,4,c,6,7,h,4
1258,h,h,2,c,4,h,c,7,8,2
1259,0,c,c,h,4,c,6,h,h,0
1260,h,h,2,c,4,c,c,h,8,4
1261,0,h,2,c,4,5,6,7,h,4
1262,c,h,2,3,4,c,6,h,h,6
1263,h,c,h,3,4,5,c,h,8,8
1264,0,c,c,3,4,5,6,h,h,0
1265,h,c,c,c,4,h,c,h,h,4
1266,0,h,2,c,h,c,h,7,c,2
1267,0,h,h,c,4,5,c,7,8,0
1268,0,1,c,c,h,h,h,c,h,0
1269,h,1,2,h,c,5,6,c,h,1
1270,0,h,c,h,4,5,6,7,c,5
1271,0,c,2,3,4,h,h,c,h,4
1272,h,c,c,h,4,5,c,h,8,4
1273,h,1,h,3,c,5,6,h,c,1
1274,h,c,h,3,4,c,c,7,h,4
1275,0,h,2,c,4,c,6,7,h,4
1276,h,1,c,c,4,5,h,h,8,8
1277,0,1,c,h,4,h,6,c,h,4
1278,h,c,h,3,c,5,h,7,c,7
1279,h,h,c,h,c,c,6,7,h,6
1280,0,1,2,3,4,5,6,h,c,5
1281,h,h,2,c,4,c,6,h,c,2
1282,h,c,h,3,4,h,h,c,c,4
1283,h,h,c,3,h,h,c,c,8,8
1284,h,1,h,c,4,c,c,h,h,4
1285,c,h,h,3,4,h,6,7,c,4
1286,c,h,c,h,h,c,h,c,8,8
1287,0,1,h,h,4,5,c,7,8,5
1288,c,c,h,h,c,5,h,h,8,8
1289,0,h,2,c,h,5,6,7,8,7
1290,c,h,c,h,4,5,h,7,c,5
1291,h,c,h,h,4,5,6,7,c,6
1292,h,1,c,h,4,5,6,c,8,6
1293,0,1,2,3,c,h,h,7,8,8
1294,h,c,2,3,4,h,6,7,8,4
1295,h,c,c,3,c,h,h,7,h,7
1296,h,1,2,c,h,5,c,7,8,8
1297,h,h,2,3,4,5,6,7,c,2
1298,h,1,2,3,h,5,c,c,8,8
1299,0,1,2,h,c,5,6,h,8,0
1300,0,h,2,c,4,h,c,7,8,0
1301,c,1,h,c,4,h,6,7,8,6
1302,0,1,2,c,h,5,6,7,8,1
1303,0,1,c,h,4,5,h,7,8,0
1304,c,1,h,3,c,h,6,h,8,8
1305,h,1,c,h,c,c,6,h,8,8
1306,h,1,c,3,h,5,6,h,c,5
1307,c,h,h,h,c,h,6,c,8,8
1308,h,h,2,h,4,c,6,c,8,2
1309,0,1,c,3,h,c,6,7,h,0
1310,h,c,h,h,c,5,c,h,c,5
1311,0,c,c,h,h,5,c,h,8,0
1312,h,1,c,h,4,h,c,h,c,4
1313,0,h,2,3,4,5,h,c,8,0
1314,c,1,h,3,c,5,h,7,8,8
1315,0,1,c,3,c,h,6,h,8,6
1316,h,1,c,3,4,5,6,7,h,4
1317,0,h,c,3,4,c,h,7,h,7
1318,0,c,h,3,h,5,c,h,c,0
1319,h,1,h,3,4,c,6,c,h,3
1320,0,1,c,h,4,5,6,7,h,0
1321,c,h,h,3,h,5,6,c,8,6
1322,h,c,h,h,4,c,c,7,8,7
1323,0,h,2,h,4,5,c,7,8,8
1324,0,1,2,c,h,5,h,7,c,2
1325,c,h,2,c,4,h,6,c,h,6
1326,h,1,h,h,c,c,6,7,c,6
1327,h,1,c,3,h,h,c,7,8,1
1328,0,1,h,3,c,5,6,7,h,5
1329,0,1,c,c,h,c,h,h,8,8
1330,h,c,2,h,h,5,c,h,c,5
1331,0,h,h,h,c,h,c,7,c,7
1332,c,c,h,h,c,h,c,h,8,8
1333,c,1,h,3,c,5,c,h,h,3
1334,h,c,2,3,h,5,h,c,8,3
1335,0,1,h,h,4,c,c,h,8,0
1336,c,h,h,3,4,5,c,7,8,3
1337,h,1,2,c,4,c,6,h,8,4
1338,0,1,2,c,h,h,c,7,8,0
1339,h,1,c,3,4,5,6,h,c,5
1340,c,c,h,3,4,5,6,7,h,5
1341,0,h,2,h,c,c,c,h,8,2
1342,0,1,c,3,h,h,6,h,c,6
1343,0,c,2,c,h,c,6,h,h,0
1344,c,h,h,h,c,c,6,7,8,8
1345,c,1,c,3,h,5,h,7,h,1
1346,h,h,2,3,4,c,6,h,c,2
1347,h,1,h,h,c,c,c,h,8,1
1348,h,1,2,c,4,5,h,7,8,4
1349,h,h,2,c,4,5,6,7,c,2
1350,h,c,h,c,c,h,6,7,8,7
1351,c,h,h,3,4,h,6,c,8,8
1352,h,h,2,h,c,c,c,c,h,2
1353,c,1,2,h,h,5,h,7,c,7
1354,0,c,2,h,4,5,h,7,8,0
1355,c,h,c,c,h,h,6,7,h,6
1356,0,h,2,c,c,h,6,7,8,0
1357,0,1,c,h,4,h,c,c,h,4
1358,c,1,2,3,4,h,6,h,c,4
1359,0,h,h,h,4,5,c,c,8,8
1360,h,1,2,c,4,c,c,h,h,4
1361,h,h,2,3,c,c,c,h,8,3
1362,0,h,h,c,4,c,h,c,h,4
1363,h,1,2,3,4,5,h,7,c,3
1364,0,1,2,3,h,5,c,7,8,7
1365,c,h,h,h,c,c,c,7,h,7
1366,h,1,h,h,c,c,6,h,c,1
1367,c,c,h,3,h,5,6,h,8,6
1368,0,c,c,h,h,c,h,7,h,0
1369,h,1,c,3,h,5,h,c,8,3
1370,0,c,h,h,4,5,6,7,8,4
1371,0,1,c,h,4,h,c,h,8,4
1372,c,c,h,h,4,h,h,c,c,4
1373,0,h,2,c,c,h,h,c,8,2
1374,0,1,2,c,4,h,h,c,8,4
1375,h,h,2,3,h,5,6,c,c,6
1376,c,1,c,3,4,h,h,7,h,1
1377,c,h,c,h,4,5,6,c,h,5
1378,h,c,2,c,4,h,6,7,8,4
1379,c,h,2,h,c,c,c,h,h,2
1380,0,1,h,3,4,5,h,c,c,4
1381,h,1,c,h,c,c,6,h,h,6
1382,0,h,c,h,4,c,c,7,h,4
1383,c,c,h,3,h,c,c,h,h,3
1384,0,c,2,3,4,5,h,7,h,7
1385,c,h,c,h,h,5,c,c,h,5
1386,h,c,c,c,h,h,6,7,8,8
1387,h,h,2,c,c,h,c,c,h,2
1388,h,h,c,3,4,h,h,c,c,3
1389,0,h,h,3,c,c,h,7,8,3
1390,0,h,h,c,4,5,6,7,8,0
1391,0,1,h,3,c,c,h,h,c,0
1392,c,h,h,h,c,h,c,c,8,8
1393,0,1,2,3,h,5,6,7,c,1
1394,0,1,h,3,h,c,c,7,h,0
1395,0,h,c,3,h,c,h,c,h,0
1396,0,h,2,3,h,5,c,c,8,8
1397,0,h,h,3,c,5,c,h,8,0
1398,c,1,2,c,4,h,6,7,h,6
1399,0,1,2,c,h,h,6,7,8,2
1400,0,c,h,3,h,5,6,c,8,6
1401,0,h,2,h,h,5,c,c,8,8
1402,h,1,c,3,h,h,6,c,c,6
1403,0,1,2,h,4,5,6,c,8,4
1404,h,h,c,c,4,5,h,c,h,4
1405,0,1,h,c,4,5,c,h,8,0
1406,c,1,2,h,4,5,6,7,8,2
1407,h,1,2,c,4,5,6,c,h,4
1408,h,h,2,3,c,5,6,c,8,2
1409,0,h,c,h,c,c,6,h,8,8
1410,c,1,c,3,4,h,h,h,c,1
1411,h,c,c,h,4,h,c,h,c,4
1412,0,1,c,3,4,h,h,7,c,0
1413,0,1,h,3,c,5,h,c,8,1
1414,c,h,c,h,c,h,h,c,8,8
1415,h,c,h,c,h,h,c,7,8,8
1416,0,c,2,3,h,5,h,7,8,2
1417,c,h,h,c,h,c,6,7,8,6
1418,0,h,2,c,h,5,h,c,c,2
1419,h,h,2,c,c,h,6,7,c,2
1420,0,c,h,3,h,h,c,h,c,3
1421,c,h,2,3,4,5,h,7,8,4
1422,h,1,2,c,h,5,6,7,8,8
1423,c,h,h,h,h,c,c,7,c,7
1424,0,1,h,c,h,5,6,7,8,6
1425,c,h,h,c,h,h,6,c,8,6
1426,0,1,2,3,4,c,h,h,c,2
1427,0,h,c,h,4,c,h,7,8,8
1428,c,c,2,c,h,h,h,h,c,2
1429,h,c,2,c,4,h,6,h,8,8
1430,0,1,2,3,4,h,6,7,8,4
1431,0,h,c,h,c,5,h,h,c,5
1432,0,c,h,3,4,5,6,7,h,5
1433,h,h,2,3,c,5,c,c,h,2
1434,0,c,2,3,h,h,c,c,h,3
1435,0,h,2,3,h,h,c,7,c,7
1436,0,h,c,c,4,h,h,7,8,8
1437,0,h,h,h,4,c,6,c,c,6
1438,h,1,2,h,4,c,c,7,8,8
1439,h,1,2,h,c,5,6,h,c,6
1440,0,1,h,h,h,c,6,c,c,6
1441,0,c,h,h,c,c,h,7,8,7
1442,c,h,2,h,h,c,6,7,8,7
1443,h,h,2,c,h,5,6,c,c,6
1444,h,c,h,3,h,5,c,7,8,8
1445,c,h,2,h,4,h,c,h,c,4
1446,c,1,2,3,h,5,h,7,c,2
1447,c,h,c,h,4,h,c,h,c,4
1448,h,1,2,3,c,5,h,7,c,3
1449,h,1,2,3,4,5,h,c,8,3
1450,c,h,c,h,4,5,h,c,h,4
1451,h,h,c,3,4,h,6,c,8,6
1452,0,1,h,3,c,c,6,h,8,3
1453,c,1,h,3,h,5,6,c,8,6
1454,h,h,c,3,4,5,h,7,c,5
1455,0,1,c,c,h,h,6,h,c,1
1456,c,h,2,c,c,h,6,h,h,6
1457,0,h,c,c,h,h,c,7,h,0
1458,0,1,2,3,4,h,c,7,h,2
1459,c,h,c,3,h,h,h,c,c,3
1460,c,1,2,h,4,5,6,h,8,2
1461,0,h,h,c,h,c,c,c,h,0
1462,0,c,2,c,c,h,h,7,h,7
1463,0,h,h,3,h,c,c,c,h,0
1464,c,1,h,3,c,5,6,h,h,5
1465,c,h,h,3,h,c,6,7,8,6
1466,0,1,h,c,h,5,c,c,h,0
1467,0,1,2,h,4,5,6,h,c,2
1468,0,c,2,3,c,h,6,h,h,6
1469,h,1,c,c,c,h,h,h,8,8
1470,0,h,2,3,4,5,6,7,8,7
1471,0,h,h,c,c,5,6,7,h,5
1472,h,c,2,c,h,h,6,c,8,8
1473,c,h,2,h,c,h,c,h,8,2
1474,h,1,h,c,4,c,6,7,h,4
1475,h,c,h,3,4,5,h,c,8,4
1476,h,c,2,h,c,h,c,h,8,2
1477,c,c,2,3,h,5,h,h,c,2
1478,h,1,c,3,4,h,c,c,h,4
1479,0,h,2,3,h,5,6,7,c,7
1480,0,1,h,h,4,c,h,7,c,0
1481,0,1,h,c,4,5,6,h,8,4
1482,h,1,c,c,4,h,6,h,8,8
1483,0,1,2,c,4,5,6,h,h,6
1484,0,1,2,h,4,c,6,h,c,2
1485,0,1,h,3,4,h,c,c,8,8
1486,c,h,c,3,4,h,6,h,8,4
1487,0,c,h,3,h,5,c,7,8,0
1488,h,c,c,c,4,h,h,h,8,8
1489,h,1,c,c,4,5,h,7,h,4
1490,h,1,2,h,4,c,c,h,8,2
1491,0,1,h,c,h,c,c,7,h,0
1492,h,h,c,3,4,5,c,c,h,4
1493,c,h,2,h,h,5,6,c,8,5
1494,0,h,2,3,c,c,6,h,8,3
1495,0,1,h,3,h,c,6,h,c,0
1496,h,h,2,3,4,5,6,c,c,6
1497,c,c,2,3,4,h,6,h,8,2
1498,h,c,c,c,h,c,h,h,8,8
1499,h,1,h,c,c,h,c,h,c,1
1500,0,c,h,3,h,5,6,c,h,0
1501,c,1,h,3,h,5,c,h,8,3
1502,h,h,c,h,h,c,c,c,8,8
1503,0,1,2,3,c,c,6,h,h,3
1504,c,c,h,h,4,5,h,7,c,4
1505,0,c,2,3,4,h,6,h,8,6
1506,0,h,h,c,h,c,6,c,8,6
1507,c,1,h,3,4,5,6,h,c,4
1508,c,1,h,c,h,c,6,7,h,6
1509,0,1,2,c,h,c,h,7,h,7
1510,c,1,2,3,h,5,6,7,8,3
1511,h,1,2,c,4,h,c,c,h,2
1512,h,1,2,3,c,5,6,7,8,2
1513,c,h,h,c,h,c,6,7,h,6
1514,0,h,2,c,4,5,6,h,8,4
1515,h,1,2,h,4,c,6,h,c,2
1516,0,1,h,c,c,5,h,h,8,5
1517,0,1,2,3,4,5,h,c,h,4
1518,c,1,2,3,4,5,c,h,h,3
1519,h,h,c,h,4,5,c,7,c,4
1520,c,h,c,3,c,h,6,h,8,6
1521,0,1,c,3,4,h,6,c,h,4
1522,h,c,h,h,4,h,c,7,c,7
1523,0,c,h,h,h,c,c,c,h,0
1524,0,c,c,3,c,h,h,7,h,0
1525,0,h,2,3,4,h,c,c,8,8
1526,0,1,h,c,h,5,c,7,8,0
1527,h,c,2,3,h,c,c,h,8,8
1528,c,1,h,h,c,5,c,h,8,8
1529,0,h,c,h,h,c,c,7,8,8
1530,c,c,2,h,c,h,h,7,h,2
1531,h,1,2,3,h,5,c,7,8,8
1532,h,h,2,3,4,c,6,7,8,2
1533,0,1,h,3,c,h,h,c,8,1
1534,0,1,c,3,4,h,6,h,8,0
1535,c,h,2,h,h,5,c,7,c,7
1536,c,h,h,c,h,h,6,7,c,6
1537,0,1,2,3,c,5,h,7,h,7
1538,c,1,2,3,c,h,6,h,8,8
1539,c,1,c,h,h,5,6,c,h,1
1540,h,c,h,c,4,h,c,h,8,8
1541,h,1,h,3,c,5,c,7,h,7
1542,h,c,c,h,4,c,6,h,h,6
1543,h,1,c,3,4,h,6,c,h,4
1544,c,1,2,3,4,h,6,7,8,2
1545,0,h,c,h,c,5,6,7,8,6
1546,c,h,h,h,4,h,c,c,8,8
1547,0,1,2,h,4,h,c,7,c,7
1548,0,h,c,3,4,5,h,7,c,5
1549,h,1,2,c,c,5,h,7,8,5
1550,c,1,c,h,4,h,c,h,h,4
1551,0,c,2,c,h,h,h,7,8,2
1552,0,h,2,c,c,5,h,7,h,5
1553,h,c,h,c,4,h,6,7,8,8
1554,0,h,c,c,c,h,h,h,c,0
1555,0,1,c,3,c,5,6,h,h,6
1556,c,h,c,h,4,5,c,7,h,4
1557,h,1,2,c,4,h,h,c,8,2
1558,c,1,c,h,c,5,h,7,h,1
1559,0,h,2,3,h,5,6,c,8,6
1560,c,h,h,3,c,c,h,c,h,3
1561,h,h,c,3,4,h,c,7,8,4
1562,0,c,c,c,h,5,h,h,8,0
1563,c,h,h,h,h,5,c,7,c,7
1564,0,1,h,3,h,5,c,7,c,7
1565,h,h,2,c,4,h,c,h,c,4
1566,c,1,2,h,4,5,c,h,8,4
1567,h,1,c,3,h,c,6,7,8,8
1568,0,c,c,h,c,5,h,7,h,0
1569,h,c,h,h,c,c,6,h,c,6
1570,h,c,2,h,c,5,6,7,8,7
1571,c,1,2,3,4,5,h,h,8,8
1572,h,1,h,c,c,h,6,h,c,1
1573,c,1,2,3,h,5,6,h,8,1
1574,c,1,h,h,h,c,6,c,8,6
1575,h,c,2,3,4,5,h,c,8,4
1576,c,1,h,h,4,c,6,7,8,7
1577,0,1,2,3,h,5,6,c,h,0
1578,0,1,c,c,h,5,6,7,h,0
1579,0,1,2,h,4,5,c,h,c,2
1580,0,h,h,c,4,c,6,h,c,4
1581,0,h,2,3,4,5,c,7,8,0
1582,0,c,h,3,4,c,6,h,8,8
1583,0,h,2,h,c,c,c,7,h,2
1584,h,h,c,h,4,5,c,h,c,5
1585,c,h,2,3,4,c,h,c,h,2
1586,c,h,h,h,h,c,6,c,8,6
1587,h,1,c,3,c,c,6,h,h,3
1588,0,1,2,3,4,5,h,7,8,4
1589,h,1,c,3,c,h,6,c,h,1
1590,c,1,2,3,4,c,h,7,h,7
1591,0,1,h,h,c,c,6,7,8,1
1592,0,1,2,h,h,5,c,c,8,8
1593,0,1,2,3,4,h,h,c,c,4
1594,0,h,2,h,4,c,6,7,8,6
1595,c,1,2,h,h,c,6,h,c,2
1596,h,1,h,3,c,h,6,c,8,1
1597,0,c,2,h,c,h,6,7,8,7
1598,0,c,2,c,h,5,h,h,8,5
1599,0,c,h,h,c,h,6,h,c,0
1600,0,h,2,3,4,h,6,c,8,0
1601,0,1,h,h,4,5,c,h,c,4
1602,h,h,2,c,4,h,6,c,c,6
1603,0,1,2,c,c,h,h,h,8,8
1604,c,c,2,h,h,5,6,7,8,2
1605,0,h,2,c,4,5,h,7,c,5
1606,h,c,2,3,h,c,6,h,8,8
1607,h,1,2,3,c,5,c,h,h,2
1608,0,1,h,c,h,c,6,h,c,6
1609,0,c,2,3,4,5,h,c,h,4
1610,h,1,2,c,c,5,6,h,8,5
1611,0,1,h,c,4,h,h,c,c,4
1612,0,h,c,3,c,h,6,7,h,6
1613,0,h,c,3,4,5,h,h,c,5
1614,h,1,2,h,c,5,c,7,h,2
1615,c,1,2,c,4,5,6,h,h,6
1616,0,h,2,c,4,c,h,7,8,4
1617,0,h,h,c,h,c,6,c,h,6
1618,0,1,c,h,4,h,h,c,8,4
1619,0,h,2,c,4,h,c,h,c,0
1620,c,c,h,c,4,h,h,7,8,7
1621,h,h,c,c,4,h,h,c,c,4
1622,h,1,2,3,c,5,6,7,h,1
1623,h,h,2,c,h,c,h,c,c,2
1624,c,c,h,h,4,c,h,h,8,8
1625,c,c,h,h,4,5,6,c,h,4
1626,0,1,2,3,4,c,h,7,8,8
1627,h,1,2,h,h,c,6,c,8,6
1628,0,c,h,h,c,c,6,h,h,6
1629,c,h,c,h,4,c,6,h,h,6
1630,0,1,c,h,h,5,c,h,c,5
1631,0,c,h,3,4,h,c,h,8,8
1632,c,h,h,c,4,h,6,c,8,6
1633,0,h,c,c,c,h,6,h,8,6
1634,0,h,2,3,4,c,h,c,h,0
1635,c,h,c,h,4,5,6,7,h,7
1636,c,1,2,c,h,h,6,h,8,6
1637,0,h,2,3,c,5,6,7,8,2
1638,0,1,h,3,4,5,h,7,c,4
1639,h,c,2,3,c,h,6,7,h,7
1640,h,c,c,c,h,5,h,7,8,8
1641,h,1,h,c,c,5,6,7,8,5
1642,h,h,2,c,c,h,c,7,h,2
1643,0,c,h,h,4,c,h,h,c,4
1644,c,1,h,3,h,5,c,7,8,3
1645,c,h,h,h,c,h,c,7,8,8
1646,0,1,2,3,h,c,6,7,8,0
1647,c,c,2,3,4,5,h,h,8,2
1648,c,h,2,c,h,h,6,7,c,6
1649,0,1,c,c,h,h,6,7,8,0
1650,c,c,h,h,c,c,h,h,8,8
1651,0,h,2,3,h,5,c,7,8,7
1652,h,1,c,3,4,5,h,7,8,3
1653,h,c,h,3,c,5,6,h,c,5
1654,0,1,2,c,c,5,h,7,h,5
1655,c,c,h,c,c,h,h,h,8,8
1656,h,c,h,3,4,5,6,7,8,4
1657,h,1,c,3,c,h,h,c,h,1
1658,c,h,h,3,c,5,h,c,h,5
1659,h,c,2,h,4,5,6,7,c,6
1660,h,1,h,3,4,c,h,c,8,8
1661,c,1,h,h,h,c,c,7,8,7
1662,0,h,c,3,4,h,h,c,8,0
1663,h,c,2,3,4,h,c,h,8,8
1664,0,1,2,h,4,5,6,7,8,5
1665,h,c,h,h,4,5,c,c,8,4
1666,h,c,c,h,4,5,6,7,8,6
1667,h,h,c,c,4,5,6,h,8,4
1668,c,h,c,h,4,5,6,h,c,5
1669,h,1,h,h,4,c,6,c,8,1
1670,c,h,h,3,c,h,h,c,8,8
1671,0,h,2,h,c,5,c,7,h,2
1672,h,1,h,c,c,5,c,h,h,5
1673,c,h,2,3,c,h,c,h,h,2
1674,h,c,c,3,4,5,h,7,8,3
1675,h,h,2,3,4,5,c,c,8,8
1676,c,1,2,3,h,5,c,h,8,3
1677,c,1,2,h,h,5,6,7,c,5
1678,h,1,c,c,4,5,c,h,h,4
1679,h,h,2,c,c,h,c,h,c,2
1680,0,1,2,h,4,c,6,7,8,1
1681,h,c,2,c,4,5,h,h,8,8
1682,c,1,2,3,h,h,6,7,c,3
1683,0,h,h,h,c,c,h,c,c,0
1684,c,1,2,c,4,h,6,h,8,6
1685,0,1,h,h,c,c,6,7,h,6
1686,0,h,h,3,4,c,6,c,8,0
1687,0,1,h,c,c,5,6,7,h,5
1688,0,c,c,c,h,5,6,h,h,0
1689,0,c,c,3,4,h,h,7,h,0
1690,0,1,c,h,4,c,6,7,h,0
1691,0,1,2,h,c,5,h,h,c,0
1692,c,c,2,h,4,h,h,c,h,2
1693,0,1,h,3,h,c,6,7,8,6
1694,0,h,2,c,c,h,6,h,c,0
1695,c,1,c,h,h,c,h,7,8,1
1696,h,h,c,c,c,5,h,h,c,5
1697,c,1,2,3,h,c,h,h,8,3
1698,0,1,2,c,4,h,6,h,c,0
1699,0,1,h,3,4,5,c,h,8,4
1700,c,h,2,h,c,h,6,7,8,8
1701,h,c,h,c,c,5,6,7,h,7
1702,0,h,2,h,4,c,c,7,8,2
1703,0,c,2,h,h,c,h,7,8,8
1704,0,1,c,h,h,5,6,h,c,5
1705,c,c,h,3,4,5,h,7,8,4
1706,0,h,h,3,4,5,c,7,c,7
1707,h,h,2,3,c,5,c,7,h,2
1708,h,1,2,3,4,c,6,7,h,4
1709,h,1,h,c,4,5,c,c,h,4
1710,h,c,2,h,4,c,c,h,8,2
1711,c,h,2,3,h,5,h,c,8,2
1712,0,1,2,3,4,5,6,7,h,4
1713,0,1,2,3,h,c,6,h,8,1
1714,c,h,2,h,c,5,6,c,h,6
1715,0,c,2,c,4,h,6,h,8,0
1716,0,1,h,c,4,c,6,h,h,4
1717,0,1,c,3,h,c,h,c,h,0
1718,0,1,2,h,4,c,c,h,h,0
1719,0,1,2,h,c,h,c,h,8,2
1720,h,1,h,c,4,5,c,h,8,1
1721,c,c,h,h,h,c,c,7,h,7
1722,h,c,h,c,4,h,h,c,c,4
1723,0,h,c,c,h,5,h,7,8,7
1724,0,h,c,3,c,5,6,h,8,6
1725,c,1,h,3,h,5,6,7,8,6
1726,0,1,2,3,4,c,6,7,h,4
1727,0,1,h,3,c,h,6,7,8,8
1728,h,1,2,h,c,c,c,7,h,2
1729,0,1,c,h,4,c,h,h,8,8
1730,c,1,c,c,h,h,h,7,8,1
1731,h,c,c,3,4,h,6,h,8,3
1732,0,h,2,h,4,h,6,c,c,6
1733,c,h,2,h,4,c,h,7,8,8
1734,c,h,2,h,c,c,h,7,h,7
1735,c,h,2,h,h,5,c,c,h,5
1736,c,1,2,h,c,5,h,7,8,8
1737,h,1,2,3,4,c,6,h,c,2
1738,h,c,h,h,4,5,c,h,c,4
1739,h,1,h,3,4,5,6,7,c,1
1740,0,c,2,h,4,5,6,h,8,8
1741,c,h,2,c,4,h,h,h,c,4
1742,0,1,2,h,c,c,h,7,8,0
1743,h,c,c,c,4,h,h,7,h,7
1744,0,h,c,c,h,h,h,c,c,0
1745,h,h,2,c,4,5,c,h,c,5
1746,h,c,2,h,h,5,6,7,c,2
1747,h,1,2,3,4,5,c,7,8,2
1748,c,h,c,h,c,c,h,h,8,8
1749,0,c,h,h,c,5,c,h,8,5
1750,0,h,2,h,4,c,h,c,c,2
1751,0,c,2,h,4,h,6,c,8,4
1752,c,h,h,c,c,h,h,c,8,8
1753,c,c,2,3,c,h,h,h,8,2
1754,0,c,h,3,4,5,c,7,h,5
1755,h,1,2,c,4,h,6,7,8,2
1756,0,1,h,3,4,5,6,c,h,5
1757,c,c,h,c,h,h,6,h,c,6
1758,0,c,h,3,c,5,6,h,8,6
1759,0,h,2,h,c,c,h,c,h,0
1760,h,c,c,3,h,5,h,7,8,3
1761,0,1,h,3,h,5,c,c,h,0
1762,c,1,c,3,4,5,h,h,8,1
1763,h,h,c,3,c,c,h,7,8,3
1764,h,1,2,c,h,5,6,h,c,1
1765,c,h,2,3,c,5,h,7,h,7
1766,h,h,c,c,c,h,h,7,8,7
1767,c,1,2,h,4,h,6,c,h,1
1768,h,c,c,h,c,5,6,h,h,6
1769,0,c,h,c,h,5,6,7,8,6
1770,h,h,c,h,h,c,c,7,8,8
1771,0,h,h,3,h,c,6,c,8,6
1772,0,1,2,h,4,5,c,7,8,7
1773,h,1,2,3,4,5,6,h,c,2
1774,0,h,c,3,4,h,c,7,8,4
1775,0,c,c,h,h,c,6,h,h,0
1776,0,c,h,3,h,c,6,7,8,6
1777,h,1,2,c,4,h,c,7,h,2
1778,h,c,2,h,4,5,c,c,h,4
1779,0,1,2,h,h,c,h,7,c,2
1780,c,h,h,h,c,5,6,c,8,8
1781,c,1,2,h,h,c,6,7,8,2
1782,c,1,2,c,h,h,6,7,8,6
1783,0,h,c,3,4,5,c,h,8,4
1784,h,1,h,h,c,c,6,c,8,1
1785,0,1,c,3,4,h,6,7,h,0
1786,0,c,h,h,4,5,h,7,c,4
1787,h,h,2,h,c,5,c,7,c,7
1788,0,c,h,h,4,c,c,7,h,0
1789,0,h,2,c,h,5,6,c,h,0
1790,0,h,2,h,h,c,c,c,8,8
1791,0,1,2,c,4,5,c,h,h,0
1792,0,1,2,h,c,c,h,h,8,0
1793,c,h,h,3,4,c,6,7,8,4
1794,0,1,c,h,4,h,6,7,8,4
1795,0,c,h,3,4,5,h,7,8,4
1796,h,1,c,3,4,5,h,c,h,1
1797,0,c,2,h,c,5,6,h,8,2
1798,c,h,h,h,c,c,h,7,8,8
1799,h,c,2,3,c,5,6,h,8,5
1800,0,1,c,h,4,5,h,c,h,0
1801,0,1,c,3,4,c,h,h,8,8
1802,c,1,c,h,4,5,h,7,8,1
1803,0,h,c,3,h,c,6,7,8,8
1804,0,c,h,h,4,h,c,7,8,7
1805,c,1,h,3,c,h,6,7,8,8
1806,c,h,2,3,4,h,c,7,h,3
1807,h,1,2,c,4,h,c,h,c,2
1808,h,1,c,3,4,c,h,c,h,3
1809,0,c,h,h,c,5,6,h,8,8
1810,c,h,2,3,h,h,6,7,c,6
1811,0,h,h,c,h,h,6,c,c,6
1812,0,1,2,c,h,h,h,7,c,2
1813,c,1,h,c,4,h,6,h,8,6
1814,0,1,2,h,4,5,h,c,c,0
1815,h,h,2,c,4,5,6,c,8,2
1816,0,1,2,h,h,c,c,c,h,0
1817,0,1,c,3,h,5,h,7,c,5
1818,c,c,h,h,h,c,6,h,c,6
1819,h,c,h,3,4,c,h,c,h,4
1820,c,h,h,h,4,5,c,c,h,5
1821,0,1,2,c,h,c,6,h,8,1
1822,c,1,h,h,c,5,h,c,h,1
1823,0,c,2,3,h,5,6,h,8,2
1824,c,c,h,c,4,5,h,h,8,4
1825,c,c,h,3,4,h,h,7,c,4
1826,h,1,c,c,4,c,h,h,8,8
1827,h,h,c,3,4,c,6,7,8,8
1828,h,h,c,h,4,h,c,c,8,4
1829,h,1,c,c,4,h,h,c,8,8
1830,0,1,2,c,4,5,h,c,h,4
1831,c,1,h,3,c,5,h,h,8,8
1832,h,1,c,3,c,5,h,c,h,1
1833,0,h,2,c,4,5,c,h,8,0
1834,c,h,c,3,h,h,6,c,h,3
1835,h,c,2,3,4,5,h,7,8,3
1836,0,1,2,h,h,c,c,h,8,1
1837,c,1,h,3,4,5,h,7,8,4
1838,h,1,h,c,h,c,6,7,8,7
1839,h,1,h,c,4,h,c,h,c,1
1840,0,1,c,h,h,5,6,7,c,5
1841,0,h,2,c,c,5,h,h,8,5
1842,0,1,2,c,4,5,h,h,8,8
1843,0,c,c,3,4,5,h,7,h,0
1844,h,1,h,3,c,c,h,h,c,3
1845,0,c,c,3,h,5,6,h,8,0
1846,0,1,2,3,4,h,h,7,c,3
1847,0,1,2,h,h,5,c,7,8,5
1848,c,c,2,3,h,5,6,h,h,2
1849,0,h,2,c,4,h,h,c,8,2
1850,h,1,2,c,c,5,6,7,h,5
1851,0,h,2,3,4,c,6,h,c,2
1852,h,1,2,3,c,5,6,h,c,2
1853,0,1,h,h,4,c,c,7,8,8
1854,h,h,2,h,c,5,6,7,c,5
1855,h,1,h,3,4,h,c,c,8,8
1856,0,1,2,h,c,h,c,7,8,2
1857,0,c,h,3,c,h,h,7,8,7
1858,0,c,2,h,c,h,h,h,c,0
1859,c,h,2,h,h,c,h,7,c,2
1860,c,1,c,3,h,h,6,h,8,1
1861,0,1,h,h,c,5,6,7,c,0
1862,c,h,2,h,4,h,h,c,c,4
1863,h,h,c,3,4,5,6,h,c,5
1864,h,h,2,c,4,c,h,7,c,4
1865,0,1,c,3,h,h,6,7,c,3
1866,0,h,c,c,4,h,c,7,h,4
1867,h,1,c,h,4,5,6,7,c,5
1868,0,1,2,3,c,c,h,h,8,3
1869,0,1,h,3,h,h,c,c,8,8
1870,h,1,2,c,4,5,h,c,h,4
1871,h,1,h,h,4,5,c,c,8,8
1872,0,1,2,h,h,5,6,7,c,5
1873,h,1,h,h,c,c,c,7,8,1
1874,0,h,2,3,c,c,h,7,h,3
1875,0,c,2,h,4,5,h,c,h,4
1876,0,h,c,3,h,5,c,7,8,7
1877,h,1,c,3,c,h,6,h,c,6
1878,h,1,2,c,4,h,6,h,c,1
1879,0,1,2,c,4,h,6,7,8,8
1880,c,h,2,3,h,5,6,7,8,7
1881,0,h,2,3,4,5,h,7,c,2
1882,0,1,h,h,4,h,6,c,c,6
1883,c,h,c,c,h,5,h,7,8,7
1884,0,h,c,h,4,5,c,h,c,5
1885,0,1,2,3,h,5,c,c,h,0
1886,0,1,h,3,4,c,h,h,c,4
1887,0,1,c,3,h,5,6,7,8,3
1888,c,h,c,3,h,5,6,7,h,7
1889,c,c,2,3,h,h,c,h,8,3
1890,c,1,h,c,h,5,6,h,8,6
1891,0,1,h,c,4,5,h,h,c,4
1892,c,c,h,3,4,h,6,7,8,8
1893,h,1,2,3,h,h,6,c,c,6
1894,c,h,h,3,h,c,6,c,8,6
1895,c,h,h,h,h,c,c,c,8,8
1896,c,1,2,h,c,c,h,h,8,8
1897,h,h,2,h,c,c,c,7,8,2
1898,h,h,c,3,h,5,c,7,8,8
1899,h,c,2,c,4,h,6,c,h,4
1900,c,c,h,h,c,5,c,h,h,5
1901,0,1,c,h,4,h,c,7,8,4
1902,0,h,2,h,c,5,6,7,c,0
1903,h,1,h,c,h,c,c,h,c,1
1904,c,h,c,3,c,h,h,7,h,7
1905,0,1,2,3,h,5,c,h,8,1
1906,c,1,h,h,4,5,c,h,8,5
1907,c,1,2,3,h,h,c,7,h,3
1908,h,1,c,3,4,h,h,c,8,3
1909,0,h,2,3,c,c,h,h,c,2
1910,c,1,h,h,4,c,6,h,c,4
1911,0,c,h,3,h,h,6,c,c,6
1912,c,1,h,3,h,c,6,h,c,6
1913,c,c,h,h,4,5,6,h,c,4
1914,c,c,h,h,c,5,6,7,h,7
1915,0,1,c,h,h,c,c,h,8,8
1916,h,1,h,c,c,h,h,c,c,1
1917,0,1,2,h,4,h,6,c,8,4
1918,h,h,2,c,c,h,h,c,c,2
1919,0,h,c,c,h,h,6,7,c,7
1920,c,h,h,3,4,h,c,7,8,3
1921,c,h,h,3,h,c,c,c,h,3
1922,0,1,c,3,4,5,c,h,h,4
1923,0,h,c,3,4,5,6,7,h,4
1924,h,c,2,3,c,h,6,h,8,8
1925,h,c,h,c,4,c,6,h,h,4
1926,h,1,2,3,c,h,c,7,h,2
1927,c,h,c,h,h,5,c,7,8,7
1928,0,h,h,3,c,5,c,7,8,0
1929,h,h,c,c,4,h,c,h,8,4
1930,h,c,2,h,c,5,c,h,h,2
1931,c,1,2,h,4,5,6,c,h,1
1932,h,c,c,3,h,h,6,h,c,3
1933,h,c,2,3,4,5,6,7,h,4
1934,c,1,c,c,h,5,h,h,8,1
1935,h,h,2,c,h,h,c,c,8,8
1936,h,h,2,3,4,5,c,7,8,2
1937,c,c,2,h,h,5,6,h,c,2
1938,0,1,2,3,h,5,h,c,8,2
1939,0,1,h,3,4,5,c,7,h,5
1940,c,1,h,h,4,5,6,c,8,8
1941,c,h,c,3,4,5,6,7,h,6
1942,c,h,2,3,h,c,6,c,h,3
1943,c,h,h,c,h,c,6,c,h,6
1944,0,1,c,3,h,5,6,h,8,1
1945,0,1,2,3,c,5,6,h,h,6
1946,0,h,h,3,4,c,6,7,8,0
1947,h,h,2,3,4,c,h,7,c,2
1948,0,1,c,3,4,h,h,h,c,0
1949,h,1,h,c,4,5,h,c,8,8
1950,h,1,h,c,4,5,c,7,h,5
1951,0,1,2,3,4,h,6,c,h,2
1952,c,1,h,h,4,h,c,h,c,4
1953,0,h,2,h,c,5,c,h,8,2
1954,c,1,h,3,4,5,6,7,h,5
1955,h,c,2,h,4,h,c,7,8,4
1956,c,1,2,h,4,c,6,h,8,2
1957,c,1,2,3,4,h,h,7,c,4
1958,c,1,c,3,h,5,h,h,c,5
1959,0,c,2,c,h,h,6,h,8,0
1960,0,1,h,c,h,h,6,c,c,6
1961,0,h,2,c,c,5,6,h,h,5
1962,h,c,h,h,h,c,c,7,c,7
1963,c,1,h,c,h,h,6,7,c,6
1964,h,c,2,3,4,5,6,h,c,3
1965,c,h,c,h,4,c,h,c,h,4
1966,0,1,h,3,4,h,h,c,c,4
1967,c,1,c,h,h,c,c,h,h,1
1968,h,c,h,c,4,h,h,7,c,4
1969,c,h,h,c,4,5,h,7,c,4
1970,h,c,h,c,h,h,6,7,c,6
1971,0,h,c,3,h,5,h,c,8,0
1972,0,h,c,h,h,5,c,7,8,5
1973,c,h,2,h,4,h,c,7,c,7
1974,0,h,c,h,4,5,6,7,8,8
1975,h,c,h,3,c,c,c,h,h,3
1976,0,c,c,3,h,h,6,h,c,0
1977,c,1,h,3,4,5,h,c,h,3
1978,c,h,2,3,c,5,h,c,h,3
1979,0,c,2,3,h,h,c,7,8,3
1980,h,1,2,3,h,h,c,7,c,7
1981,0,h,c,3,4,c,6,h,8,8
1982,0,1,2,3,4,5,6,h,8,1
1983,h,c,h,c,c,h,c,h,8,8
1984,h,1,2,3,4,h,c,c,8,8
1985,h,h,c,h,4,5,c,c,8,4
1986,h,c,h,h,4,h,c,c,8,4
1987,0,1,c,h,4,5,c,h,8,4
1988,c,h,c,h,4,5,h,7,8,8
1989,c,h,c,h,4,h,6,h,c,4
1990,h,1,h,3,c,h,h,c,c,1
1991,0,1,h,3,4,c,6,7,8,6
1992,0,1,2,h,c,5,6,7,h,6
1993,h,h,c,c,c,5,6,7,h,5
1994,c,h,h,h,4,c,6,c,h,6
1995,h,h,c,h,c,c,6,c,h,6
1996,0,1,h,c,4,5,6,7,8,0
1997,0,1,2,c,4,5,6,7,h,6
1998,h,c,h,3,c,h,6,7,8,7
1999,0,1,2,3,c,h,6,h,c,0
